id,name,series,printedTotal,total,ptcgoCode,release_date,update_date,symbol,logo,legalities_unlimited,legalities_expanded,legalities_standard,,"CONCATENATE(""insert into card_packs ("",TEXTJOIN("","",TRUE,A$1,B$1,C$1,G$1,H$1,I$1,J$1,K$1, L$1,M$1),"") values('"",TEXTJOIN(""','"",FALSE,A2,B2,C2,G2,H2,I2,J2,K2,L2,M2),""');"")"
base1,Base,Base,102,102,BS,1999-01-09,2022-10-10 15:12,https://images.pokemontcg.io/base1/symbol.png,https://images.pokemontcg.io/base1/logo.png,Legal,,,,"insert into card_packs (id,name,series,release_date,update_date,symbol,logo,legalities_unlimited,legalities_expanded,legalities_standard) values('base1','Base','Base','36169','44844.6333333333','https://images.pokemontcg.io/base1/symbol.png','https://images.pokemontcg.io/base1/logo.png','Legal','','');"
base2,Jungle,Base,64,64,JU,1999-06-16,2020-08-14 9:35,https://images.pokemontcg.io/base2/symbol.png,https://images.pokemontcg.io/base2/logo.png,Legal,,,,"insert into card_packs (id,name,series,release_date,update_date,symbol,logo,legalities_unlimited,legalities_expanded,legalities_standard) values('base2','Jungle','Base','36327','44057.3993055556','https://images.pokemontcg.io/base2/symbol.png','https://images.pokemontcg.io/base2/logo.png','Legal','','');"
basep,Wizards Black Star Promos,Base,53,53,PR,1999-07-01,2020-08-14 9:35,https://images.pokemontcg.io/basep/symbol.png,https://images.pokemontcg.io/basep/logo.png,Legal,,,,"insert into card_packs (id,name,series,release_date,update_date,symbol,logo,legalities_unlimited,legalities_expanded,legalities_standard) values('basep','Wizards Black Star Promos','Base','36342','44057.3993055556','https://images.pokemontcg.io/basep/symbol.png','https://images.pokemontcg.io/basep/logo.png','Legal','','');"
base3,Fossil,Base,62,62,FO,1999-10-10,2020-08-14 9:35,https://images.pokemontcg.io/base3/symbol.png,https://images.pokemontcg.io/base3/logo.png,Legal,,,,"insert into card_packs (id,name,series,release_date,update_date,symbol,logo,legalities_unlimited,legalities_expanded,legalities_standard) values('base3','Fossil','Base','36443','44057.3993055556','https://images.pokemontcg.io/base3/symbol.png','https://images.pokemontcg.io/base3/logo.png','Legal','','');"
base4,Base Set 2,Base,130,130,B2,2000-02-24,2022-10-10 15:12,https://images.pokemontcg.io/base4/symbol.png,https://images.pokemontcg.io/base4/logo.png,Legal,,,,"insert into card_packs (id,name,series,release_date,update_date,symbol,logo,legalities_unlimited,legalities_expanded,legalities_standard) values('base4','Base Set 2','Base','36580','44844.6333333333','https://images.pokemontcg.io/base4/symbol.png','https://images.pokemontcg.io/base4/logo.png','Legal','','');"
base5,Team Rocket,Base,82,83,TR,2000-04-24,2020-08-14 9:35,https://images.pokemontcg.io/base5/symbol.png,https://images.pokemontcg.io/base5/logo.png,Legal,,,,"insert into card_packs (id,name,series,release_date,update_date,symbol,logo,legalities_unlimited,legalities_expanded,legalities_standard) values('base5','Team Rocket','Base','36640','44057.3993055556','https://images.pokemontcg.io/base5/symbol.png','https://images.pokemontcg.io/base5/logo.png','Legal','','');"
gym1,Gym Heroes,Gym,132,132,G1,2000-08-14,2022-10-10 15:12,https://images.pokemontcg.io/gym1/symbol.png,https://images.pokemontcg.io/gym1/logo.png,Legal,,,,"insert into card_packs (id,name,series,release_date,update_date,symbol,logo,legalities_unlimited,legalities_expanded,legalities_standard) values('gym1','Gym Heroes','Gym','36752','44844.6333333333','https://images.pokemontcg.io/gym1/symbol.png','https://images.pokemontcg.io/gym1/logo.png','Legal','','');"
gym2,Gym Challenge,Gym,132,132,G2,2000-10-16,2022-10-10 15:12,https://images.pokemontcg.io/gym2/symbol.png,https://images.pokemontcg.io/gym2/logo.png,Legal,,,,"insert into card_packs (id,name,series,release_date,update_date,symbol,logo,legalities_unlimited,legalities_expanded,legalities_standard) values('gym2','Gym Challenge','Gym','36815','44844.6333333333','https://images.pokemontcg.io/gym2/symbol.png','https://images.pokemontcg.io/gym2/logo.png','Legal','','');"
neo1,Neo Genesis,Neo,111,111,N1,2000-12-16,2022-10-10 15:12,https://images.pokemontcg.io/neo1/symbol.png,https://images.pokemontcg.io/neo1/logo.png,Legal,,,,"insert into card_packs (id,name,series,release_date,update_date,symbol,logo,legalities_unlimited,legalities_expanded,legalities_standard) values('neo1','Neo Genesis','Neo','36876','44844.6333333333','https://images.pokemontcg.io/neo1/symbol.png','https://images.pokemontcg.io/neo1/logo.png','Legal','','');"
neo2,Neo Discovery,Neo,75,75,N2,2001-06-01,2020-08-14 9:35,https://images.pokemontcg.io/neo2/symbol.png,https://images.pokemontcg.io/neo2/logo.png,Legal,,,,"insert into card_packs (id,name,series,release_date,update_date,symbol,logo,legalities_unlimited,legalities_expanded,legalities_standard) values('neo2','Neo Discovery','Neo','37043','44057.3993055556','https://images.pokemontcg.io/neo2/symbol.png','https://images.pokemontcg.io/neo2/logo.png','Legal','','');"
si1,Southern Islands,Other,18,18,,2001-07-31,2019-01-28 16:44,https://images.pokemontcg.io/si1/symbol.png,https://images.pokemontcg.io/si1/logo.png,Legal,,,,"insert into card_packs (id,name,series,release_date,update_date,symbol,logo,legalities_unlimited,legalities_expanded,legalities_standard) values('si1','Southern Islands','Other','37103','43493.6972222222','https://images.pokemontcg.io/si1/symbol.png','https://images.pokemontcg.io/si1/logo.png','Legal','','');"
neo3,Neo Revelation,Neo,64,66,N3,2001-09-21,2020-08-14 9:35,https://images.pokemontcg.io/neo3/symbol.png,https://images.pokemontcg.io/neo3/logo.png,Legal,,,,"insert into card_packs (id,name,series,release_date,update_date,symbol,logo,legalities_unlimited,legalities_expanded,legalities_standard) values('neo3','Neo Revelation','Neo','37155','44057.3993055556','https://images.pokemontcg.io/neo3/symbol.png','https://images.pokemontcg.io/neo3/logo.png','Legal','','');"
neo4,Neo Destiny,Neo,105,113,N4,2002-02-28,2020-09-25 10:09,https://images.pokemontcg.io/neo4/symbol.png,https://images.pokemontcg.io/neo4/logo.png,Legal,,,,"insert into card_packs (id,name,series,release_date,update_date,symbol,logo,legalities_unlimited,legalities_expanded,legalities_standard) values('neo4','Neo Destiny','Neo','37315','44099.4229166667','https://images.pokemontcg.io/neo4/symbol.png','https://images.pokemontcg.io/neo4/logo.png','Legal','','');"
base6,Legendary Collection,Other,110,110,LC,2002-05-24,2020-08-14 9:35,https://images.pokemontcg.io/base6/symbol.png,https://images.pokemontcg.io/base6/logo.png,Legal,,,,"insert into card_packs (id,name,series,release_date,update_date,symbol,logo,legalities_unlimited,legalities_expanded,legalities_standard) values('base6','Legendary Collection','Other','37400','44057.3993055556','https://images.pokemontcg.io/base6/symbol.png','https://images.pokemontcg.io/base6/logo.png','Legal','','');"
ecard1,Expedition Base Set,E-Card,165,165,EX,2002-09-15,2022-10-10 15:12,https://images.pokemontcg.io/ecard1/symbol.png,https://images.pokemontcg.io/ecard1/logo.png,Legal,,,,"insert into card_packs (id,name,series,release_date,update_date,symbol,logo,legalities_unlimited,legalities_expanded,legalities_standard) values('ecard1','Expedition Base Set','E-Card','37514','44844.6333333333','https://images.pokemontcg.io/ecard1/symbol.png','https://images.pokemontcg.io/ecard1/logo.png','Legal','','');"
bp,Best of Game,Other,9,9,BP,2002-12-01,2021-10-16 9:52,https://images.pokemontcg.io/bp/symbol.png,https://images.pokemontcg.io/bp/logo.png,Legal,,,,"insert into card_packs (id,name,series,release_date,update_date,symbol,logo,legalities_unlimited,legalities_expanded,legalities_standard) values('bp','Best of Game','Other','37591','44485.4111111111','https://images.pokemontcg.io/bp/symbol.png','https://images.pokemontcg.io/bp/logo.png','Legal','','');"
ecard2,Aquapolis,E-Card,147,182,AQ,2003-01-15,2020-08-14 9:35,https://images.pokemontcg.io/ecard2/symbol.png,https://images.pokemontcg.io/ecard2/logo.png,Legal,,,,"insert into card_packs (id,name,series,release_date,update_date,symbol,logo,legalities_unlimited,legalities_expanded,legalities_standard) values('ecard2','Aquapolis','E-Card','37636','44057.3993055556','https://images.pokemontcg.io/ecard2/symbol.png','https://images.pokemontcg.io/ecard2/logo.png','Legal','','');"
ecard3,Skyridge,E-Card,144,182,SK,2003-05-12,2020-08-14 9:35,https://images.pokemontcg.io/ecard3/symbol.png,https://images.pokemontcg.io/ecard3/logo.png,Legal,,,,"insert into card_packs (id,name,series,release_date,update_date,symbol,logo,legalities_unlimited,legalities_expanded,legalities_standard) values('ecard3','Skyridge','E-Card','37753','44057.3993055556','https://images.pokemontcg.io/ecard3/symbol.png','https://images.pokemontcg.io/ecard3/logo.png','Legal','','');"
ex1,Ruby & Sapphire,EX,109,109,RS,2003-07-01,2018-03-04 10:35,https://images.pokemontcg.io/ex1/symbol.png,https://images.pokemontcg.io/ex1/logo.png,Legal,,,,"insert into card_packs (id,name,series,release_date,update_date,symbol,logo,legalities_unlimited,legalities_expanded,legalities_standard) values('ex1','Ruby & Sapphire','EX','37803','43163.4409722222','https://images.pokemontcg.io/ex1/symbol.png','https://images.pokemontcg.io/ex1/logo.png','Legal','','');"
ex2,Sandstorm,EX,100,100,SS,2003-09-18,2018-03-04 10:35,https://images.pokemontcg.io/ex2/symbol.png,https://images.pokemontcg.io/ex2/logo.png,Legal,,,,"insert into card_packs (id,name,series,release_date,update_date,symbol,logo,legalities_unlimited,legalities_expanded,legalities_standard) values('ex2','Sandstorm','EX','37882','43163.4409722222','https://images.pokemontcg.io/ex2/symbol.png','https://images.pokemontcg.io/ex2/logo.png','Legal','','');"
ex3,Dragon,EX,97,100,DR,2003-11-24,2023-02-16 5:47,https://images.pokemontcg.io/ex3/symbol.png,https://images.pokemontcg.io/ex3/logo.png,Legal,,,,"insert into card_packs (id,name,series,release_date,update_date,symbol,logo,legalities_unlimited,legalities_expanded,legalities_standard) values('ex3','Dragon','EX','37949','44973.2409722222','https://images.pokemontcg.io/ex3/symbol.png','https://images.pokemontcg.io/ex3/logo.png','Legal','','');"
np,Nintendo Black Star Promos,NP,40,40,PR-NP,2003-10-01,2020-05-01 16:06,https://images.pokemontcg.io/np/symbol.png,https://images.pokemontcg.io/np/logo.png,Legal,,,,"insert into card_packs (id,name,series,release_date,update_date,symbol,logo,legalities_unlimited,legalities_expanded,legalities_standard) values('np','Nintendo Black Star Promos','NP','37895','43952.6708333333','https://images.pokemontcg.io/np/symbol.png','https://images.pokemontcg.io/np/logo.png','Legal','','');"
ex4,Team Magma vs Team Aqua,EX,95,97,MA,2004-03-01,2019-01-28 16:44,https://images.pokemontcg.io/ex4/symbol.png,https://images.pokemontcg.io/ex4/logo.png,Legal,,,,"insert into card_packs (id,name,series,release_date,update_date,symbol,logo,legalities_unlimited,legalities_expanded,legalities_standard) values('ex4','Team Magma vs Team Aqua','EX','38047','43493.6972222222','https://images.pokemontcg.io/ex4/symbol.png','https://images.pokemontcg.io/ex4/logo.png','Legal','','');"
tk1a,EX Trainer Kit Latias,EX,10,10,,2004-06-01,2022-01-13 20:44,https://images.pokemontcg.io/tk1a/symbol.png,https://images.pokemontcg.io/tk1a/logo.png,Legal,,,,"insert into card_packs (id,name,series,release_date,update_date,symbol,logo,legalities_unlimited,legalities_expanded,legalities_standard) values('tk1a','EX Trainer Kit Latias','EX','38139','44574.8638888889','https://images.pokemontcg.io/tk1a/symbol.png','https://images.pokemontcg.io/tk1a/logo.png','Legal','','');"
tk1b,EX Trainer Kit Latios,EX,10,10,,2004-06-01,2022-01-13 20:44,https://images.pokemontcg.io/tk1b/symbol.png,https://images.pokemontcg.io/tk1b/logo.png,Legal,,,,"insert into card_packs (id,name,series,release_date,update_date,symbol,logo,legalities_unlimited,legalities_expanded,legalities_standard) values('tk1b','EX Trainer Kit Latios','EX','38139','44574.8638888889','https://images.pokemontcg.io/tk1b/symbol.png','https://images.pokemontcg.io/tk1b/logo.png','Legal','','');"
ex5,Hidden Legends,EX,101,102,HL,2004-06-01,2019-01-28 16:44,https://images.pokemontcg.io/ex5/symbol.png,https://images.pokemontcg.io/ex5/logo.png,Legal,,,,"insert into card_packs (id,name,series,release_date,update_date,symbol,logo,legalities_unlimited,legalities_expanded,legalities_standard) values('ex5','Hidden Legends','EX','38139','43493.6972222222','https://images.pokemontcg.io/ex5/symbol.png','https://images.pokemontcg.io/ex5/logo.png','Legal','','');"
ex6,FireRed & LeafGreen,EX,112,116,RG,2004-09-01,2019-01-28 16:44,https://images.pokemontcg.io/ex6/symbol.png,https://images.pokemontcg.io/ex6/logo.png,Legal,,,,"insert into card_packs (id,name,series,release_date,update_date,symbol,logo,legalities_unlimited,legalities_expanded,legalities_standard) values('ex6','FireRed & LeafGreen','EX','38231','43493.6972222222','https://images.pokemontcg.io/ex6/symbol.png','https://images.pokemontcg.io/ex6/logo.png','Legal','','');"
pop1,POP Series 1,POP,17,17,,2004-09-01,2018-03-04 10:35,https://images.pokemontcg.io/pop1/symbol.png,https://images.pokemontcg.io/pop1/logo.png,Legal,,,,"insert into card_packs (id,name,series,release_date,update_date,symbol,logo,legalities_unlimited,legalities_expanded,legalities_standard) values('pop1','POP Series 1','POP','38231','43163.4409722222','https://images.pokemontcg.io/pop1/symbol.png','https://images.pokemontcg.io/pop1/logo.png','Legal','','');"
ex7,Team Rocket Returns,EX,109,111,TRR,2004-11-01,2019-01-28 16:44,https://images.pokemontcg.io/ex7/symbol.png,https://images.pokemontcg.io/ex7/logo.png,Legal,,,,"insert into card_packs (id,name,series,release_date,update_date,symbol,logo,legalities_unlimited,legalities_expanded,legalities_standard) values('ex7','Team Rocket Returns','EX','38292','43493.6972222222','https://images.pokemontcg.io/ex7/symbol.png','https://images.pokemontcg.io/ex7/logo.png','Legal','','');"
ex8,Deoxys,EX,107,108,DX,2005-02-01,2019-01-28 16:44,https://images.pokemontcg.io/ex8/symbol.png,https://images.pokemontcg.io/ex8/logo.png,Legal,,,,"insert into card_packs (id,name,series,release_date,update_date,symbol,logo,legalities_unlimited,legalities_expanded,legalities_standard) values('ex8','Deoxys','EX','38384','43493.6972222222','https://images.pokemontcg.io/ex8/symbol.png','https://images.pokemontcg.io/ex8/logo.png','Legal','','');"
ex9,Emerald,EX,106,107,EM,2005-05-01,2020-02-08 9:00,https://images.pokemontcg.io/ex9/symbol.png,https://images.pokemontcg.io/ex9/logo.png,Legal,,,,"insert into card_packs (id,name,series,release_date,update_date,symbol,logo,legalities_unlimited,legalities_expanded,legalities_standard) values('ex9','Emerald','EX','38473','43869.375','https://images.pokemontcg.io/ex9/symbol.png','https://images.pokemontcg.io/ex9/logo.png','Legal','','');"
ex10,Unseen Forces,EX,115,145,UF,2005-08-01,2020-08-14 9:35,https://images.pokemontcg.io/ex10/symbol.png,https://images.pokemontcg.io/ex10/logo.png,Legal,,,,"insert into card_packs (id,name,series,release_date,update_date,symbol,logo,legalities_unlimited,legalities_expanded,legalities_standard) values('ex10','Unseen Forces','EX','38565','44057.3993055556','https://images.pokemontcg.io/ex10/symbol.png','https://images.pokemontcg.io/ex10/logo.png','Legal','','');"
pop2,POP Series 2,POP,17,17,,2005-08-01,2018-03-04 10:35,https://images.pokemontcg.io/pop2/symbol.png,https://images.pokemontcg.io/pop2/logo.png,Legal,,,,"insert into card_packs (id,name,series,release_date,update_date,symbol,logo,legalities_unlimited,legalities_expanded,legalities_standard) values('pop2','POP Series 2','POP','38565','43163.4409722222','https://images.pokemontcg.io/pop2/symbol.png','https://images.pokemontcg.io/pop2/logo.png','Legal','','');"
ex11,Delta Species,EX,113,114,DS,2005-10-31,2020-05-01 16:06,https://images.pokemontcg.io/ex11/symbol.png,https://images.pokemontcg.io/ex11/logo.png,Legal,,,,"insert into card_packs (id,name,series,release_date,update_date,symbol,logo,legalities_unlimited,legalities_expanded,legalities_standard) values('ex11','Delta Species','EX','38656','43952.6708333333','https://images.pokemontcg.io/ex11/symbol.png','https://images.pokemontcg.io/ex11/logo.png','Legal','','');"
ex12,Legend Maker,EX,92,93,LM,2006-02-01,2018-03-04 10:35,https://images.pokemontcg.io/ex12/symbol.png,https://images.pokemontcg.io/ex12/logo.png,Legal,,,,"insert into card_packs (id,name,series,release_date,update_date,symbol,logo,legalities_unlimited,legalities_expanded,legalities_standard) values('ex12','Legend Maker','EX','38749','43163.4409722222','https://images.pokemontcg.io/ex12/symbol.png','https://images.pokemontcg.io/ex12/logo.png','Legal','','');"
tk2a,EX Trainer Kit 2 Plusle,EX,12,12,,2006-03-01,2022-01-13 20:44,https://images.pokemontcg.io/tk2a/symbol.png,https://images.pokemontcg.io/tk2a/logo.png,Legal,,,,"insert into card_packs (id,name,series,release_date,update_date,symbol,logo,legalities_unlimited,legalities_expanded,legalities_standard) values('tk2a','EX Trainer Kit 2 Plusle','EX','38777','44574.8638888889','https://images.pokemontcg.io/tk2a/symbol.png','https://images.pokemontcg.io/tk2a/logo.png','Legal','','');"
tk2b,EX Trainer Kit 2 Minun,EX,12,12,,2006-03-01,2022-01-13 20:44,https://images.pokemontcg.io/tk2b/symbol.png,https://images.pokemontcg.io/tk2b/logo.png,Legal,,,,"insert into card_packs (id,name,series,release_date,update_date,symbol,logo,legalities_unlimited,legalities_expanded,legalities_standard) values('tk2b','EX Trainer Kit 2 Minun','EX','38777','44574.8638888889','https://images.pokemontcg.io/tk2b/symbol.png','https://images.pokemontcg.io/tk2b/logo.png','Legal','','');"
pop3,POP Series 3,POP,17,17,,2006-04-01,2020-08-14 9:35,https://images.pokemontcg.io/pop3/symbol.png,https://images.pokemontcg.io/pop3/logo.png,Legal,,,,"insert into card_packs (id,name,series,release_date,update_date,symbol,logo,legalities_unlimited,legalities_expanded,legalities_standard) values('pop3','POP Series 3','POP','38808','44057.3993055556','https://images.pokemontcg.io/pop3/symbol.png','https://images.pokemontcg.io/pop3/logo.png','Legal','','');"
ex13,Holon Phantoms,EX,110,111,HP,2006-05-01,2018-03-04 10:35,https://images.pokemontcg.io/ex13/symbol.png,https://images.pokemontcg.io/ex13/logo.png,Legal,,,,"insert into card_packs (id,name,series,release_date,update_date,symbol,logo,legalities_unlimited,legalities_expanded,legalities_standard) values('ex13','Holon Phantoms','EX','38838','43163.4409722222','https://images.pokemontcg.io/ex13/symbol.png','https://images.pokemontcg.io/ex13/logo.png','Legal','','');"
ex14,Crystal Guardians,EX,100,100,CG,2006-08-01,2018-03-04 10:35,https://images.pokemontcg.io/ex14/symbol.png,https://images.pokemontcg.io/ex14/logo.png,Legal,,,,"insert into card_packs (id,name,series,release_date,update_date,symbol,logo,legalities_unlimited,legalities_expanded,legalities_standard) values('ex14','Crystal Guardians','EX','38930','43163.4409722222','https://images.pokemontcg.io/ex14/symbol.png','https://images.pokemontcg.io/ex14/logo.png','Legal','','');"
pop4,POP Series 4,POP,17,17,,2006-08-01,2020-08-14 9:35,https://images.pokemontcg.io/pop4/symbol.png,https://images.pokemontcg.io/pop4/logo.png,Legal,,,,"insert into card_packs (id,name,series,release_date,update_date,symbol,logo,legalities_unlimited,legalities_expanded,legalities_standard) values('pop4','POP Series 4','POP','38930','44057.3993055556','https://images.pokemontcg.io/pop4/symbol.png','https://images.pokemontcg.io/pop4/logo.png','Legal','','');"
ex15,Dragon Frontiers,EX,101,101,DF,2006-11-01,2020-08-14 9:35,https://images.pokemontcg.io/ex15/symbol.png,https://images.pokemontcg.io/ex15/logo.png,Legal,,,,"insert into card_packs (id,name,series,release_date,update_date,symbol,logo,legalities_unlimited,legalities_expanded,legalities_standard) values('ex15','Dragon Frontiers','EX','39022','44057.3993055556','https://images.pokemontcg.io/ex15/symbol.png','https://images.pokemontcg.io/ex15/logo.png','Legal','','');"
pop5,POP Series 5,POP,17,17,,2007-03-01,2020-08-14 9:35,https://images.pokemontcg.io/pop5/symbol.png,https://images.pokemontcg.io/pop5/logo.png,Legal,,,,"insert into card_packs (id,name,series,release_date,update_date,symbol,logo,legalities_unlimited,legalities_expanded,legalities_standard) values('pop5','POP Series 5','POP','39142','44057.3993055556','https://images.pokemontcg.io/pop5/symbol.png','https://images.pokemontcg.io/pop5/logo.png','Legal','','');"
ex16,Power Keepers,EX,108,108,PK,2007-02-02,2018-03-04 10:35,https://images.pokemontcg.io/ex16/symbol.png,https://images.pokemontcg.io/ex16/logo.png,Legal,,,,"insert into card_packs (id,name,series,release_date,update_date,symbol,logo,legalities_unlimited,legalities_expanded,legalities_standard) values('ex16','Power Keepers','EX','39115','43163.4409722222','https://images.pokemontcg.io/ex16/symbol.png','https://images.pokemontcg.io/ex16/logo.png','Legal','','');"
dp1,Diamond & Pearl,Diamond & Pearl,130,130,DP,2007-05-01,2020-08-14 9:35,https://images.pokemontcg.io/dp1/symbol.png,https://images.pokemontcg.io/dp1/logo.png,Legal,,,,"insert into card_packs (id,name,series,release_date,update_date,symbol,logo,legalities_unlimited,legalities_expanded,legalities_standard) values('dp1','Diamond & Pearl','Diamond & Pearl','39203','44057.3993055556','https://images.pokemontcg.io/dp1/symbol.png','https://images.pokemontcg.io/dp1/logo.png','Legal','','');"
dpp,DP Black Star Promos,Diamond & Pearl,56,56,PR-DPP,2007-05-01,2020-08-14 9:35,https://images.pokemontcg.io/dpp/symbol.png,https://images.pokemontcg.io/dpp/logo.png,Legal,,,,"insert into card_packs (id,name,series,release_date,update_date,symbol,logo,legalities_unlimited,legalities_expanded,legalities_standard) values('dpp','DP Black Star Promos','Diamond & Pearl','39203','44057.3993055556','https://images.pokemontcg.io/dpp/symbol.png','https://images.pokemontcg.io/dpp/logo.png','Legal','','');"
dp2,Mysterious Treasures,Diamond & Pearl,123,124,MT,2007-08-01,2018-03-04 10:35,https://images.pokemontcg.io/dp2/symbol.png,https://images.pokemontcg.io/dp2/logo.png,Legal,,,,"insert into card_packs (id,name,series,release_date,update_date,symbol,logo,legalities_unlimited,legalities_expanded,legalities_standard) values('dp2','Mysterious Treasures','Diamond & Pearl','39295','43163.4409722222','https://images.pokemontcg.io/dp2/symbol.png','https://images.pokemontcg.io/dp2/logo.png','Legal','','');"
pop6,POP Series 6,POP,17,17,,2007-09-01,2020-05-01 16:06,https://images.pokemontcg.io/pop6/symbol.png,https://images.pokemontcg.io/pop6/logo.png,Legal,,,,"insert into card_packs (id,name,series,release_date,update_date,symbol,logo,legalities_unlimited,legalities_expanded,legalities_standard) values('pop6','POP Series 6','POP','39326','43952.6708333333','https://images.pokemontcg.io/pop6/symbol.png','https://images.pokemontcg.io/pop6/logo.png','Legal','','');"
dp3,Secret Wonders,Diamond & Pearl,132,132,SW,2007-11-01,2018-03-04 10:35,https://images.pokemontcg.io/dp3/symbol.png,https://images.pokemontcg.io/dp3/logo.png,Legal,,,,"insert into card_packs (id,name,series,release_date,update_date,symbol,logo,legalities_unlimited,legalities_expanded,legalities_standard) values('dp3','Secret Wonders','Diamond & Pearl','39387','43163.4409722222','https://images.pokemontcg.io/dp3/symbol.png','https://images.pokemontcg.io/dp3/logo.png','Legal','','');"
dp4,Great Encounters,Diamond & Pearl,106,106,GE,2008-02-01,2018-03-04 10:35,https://images.pokemontcg.io/dp4/symbol.png,https://images.pokemontcg.io/dp4/logo.png,Legal,,,,"insert into card_packs (id,name,series,release_date,update_date,symbol,logo,legalities_unlimited,legalities_expanded,legalities_standard) values('dp4','Great Encounters','Diamond & Pearl','39479','43163.4409722222','https://images.pokemontcg.io/dp4/symbol.png','https://images.pokemontcg.io/dp4/logo.png','Legal','','');"
pop7,POP Series 7,POP,17,17,,2008-03-01,2018-03-04 10:35,https://images.pokemontcg.io/pop7/symbol.png,https://images.pokemontcg.io/pop7/logo.png,Legal,,,,"insert into card_packs (id,name,series,release_date,update_date,symbol,logo,legalities_unlimited,legalities_expanded,legalities_standard) values('pop7','POP Series 7','POP','39508','43163.4409722222','https://images.pokemontcg.io/pop7/symbol.png','https://images.pokemontcg.io/pop7/logo.png','Legal','','');"
dp5,Majestic Dawn,Diamond & Pearl,100,100,MD,2008-05-01,2018-03-04 10:35,https://images.pokemontcg.io/dp5/symbol.png,https://images.pokemontcg.io/dp5/logo.png,Legal,,,,"insert into card_packs (id,name,series,release_date,update_date,symbol,logo,legalities_unlimited,legalities_expanded,legalities_standard) values('dp5','Majestic Dawn','Diamond & Pearl','39569','43163.4409722222','https://images.pokemontcg.io/dp5/symbol.png','https://images.pokemontcg.io/dp5/logo.png','Legal','','');"
dp6,Legends Awakened,Diamond & Pearl,146,146,LA,2008-08-01,2018-03-04 10:35,https://images.pokemontcg.io/dp6/symbol.png,https://images.pokemontcg.io/dp6/logo.png,Legal,,,,"insert into card_packs (id,name,series,release_date,update_date,symbol,logo,legalities_unlimited,legalities_expanded,legalities_standard) values('dp6','Legends Awakened','Diamond & Pearl','39661','43163.4409722222','https://images.pokemontcg.io/dp6/symbol.png','https://images.pokemontcg.io/dp6/logo.png','Legal','','');"
pop8,POP Series 8,POP,17,17,,2008-09-01,2018-03-04 10:35,https://images.pokemontcg.io/pop8/symbol.png,https://images.pokemontcg.io/pop8/logo.png,Legal,,,,"insert into card_packs (id,name,series,release_date,update_date,symbol,logo,legalities_unlimited,legalities_expanded,legalities_standard) values('pop8','POP Series 8','POP','39692','43163.4409722222','https://images.pokemontcg.io/pop8/symbol.png','https://images.pokemontcg.io/pop8/logo.png','Legal','','');"
dp7,Stormfront,Diamond & Pearl,100,106,SF,2008-11-01,2020-05-01 16:06,https://images.pokemontcg.io/dp7/symbol.png,https://images.pokemontcg.io/dp7/logo.png,Legal,,,,"insert into card_packs (id,name,series,release_date,update_date,symbol,logo,legalities_unlimited,legalities_expanded,legalities_standard) values('dp7','Stormfront','Diamond & Pearl','39753','43952.6708333333','https://images.pokemontcg.io/dp7/symbol.png','https://images.pokemontcg.io/dp7/logo.png','Legal','','');"
pl1,Platinum,Platinum,127,133,PL,2009-02-11,2020-08-14 9:35,https://images.pokemontcg.io/pl1/symbol.png,https://images.pokemontcg.io/pl1/logo.png,Legal,,,,"insert into card_packs (id,name,series,release_date,update_date,symbol,logo,legalities_unlimited,legalities_expanded,legalities_standard) values('pl1','Platinum','Platinum','39855','44057.3993055556','https://images.pokemontcg.io/pl1/symbol.png','https://images.pokemontcg.io/pl1/logo.png','Legal','','');"
pop9,POP Series 9,POP,17,17,,2009-03-01,2020-05-01 16:06,https://images.pokemontcg.io/pop9/symbol.png,https://images.pokemontcg.io/pop9/logo.png,Legal,,,,"insert into card_packs (id,name,series,release_date,update_date,symbol,logo,legalities_unlimited,legalities_expanded,legalities_standard) values('pop9','POP Series 9','POP','39873','43952.6708333333','https://images.pokemontcg.io/pop9/symbol.png','https://images.pokemontcg.io/pop9/logo.png','Legal','','');"
pl2,Rising Rivals,Platinum,111,120,RR,2009-05-16,2020-08-14 9:35,https://images.pokemontcg.io/pl2/symbol.png,https://images.pokemontcg.io/pl2/logo.png,Legal,,,,"insert into card_packs (id,name,series,release_date,update_date,symbol,logo,legalities_unlimited,legalities_expanded,legalities_standard) values('pl2','Rising Rivals','Platinum','39949','44057.3993055556','https://images.pokemontcg.io/pl2/symbol.png','https://images.pokemontcg.io/pl2/logo.png','Legal','','');"
pl3,Supreme Victors,Platinum,147,153,SV,2009-08-19,2018-03-07 22:40,https://images.pokemontcg.io/pl3/symbol.png,https://images.pokemontcg.io/pl3/logo.png,Legal,,,,"insert into card_packs (id,name,series,release_date,update_date,symbol,logo,legalities_unlimited,legalities_expanded,legalities_standard) values('pl3','Supreme Victors','Platinum','40044','43166.9444444444','https://images.pokemontcg.io/pl3/symbol.png','https://images.pokemontcg.io/pl3/logo.png','Legal','','');"
pl4,Arceus,Platinum,99,111,AR,2009-11-04,2021-07-15 11:30,https://images.pokemontcg.io/pl4/symbol.png,https://images.pokemontcg.io/pl4/logo.png,Legal,,,,"insert into card_packs (id,name,series,release_date,update_date,symbol,logo,legalities_unlimited,legalities_expanded,legalities_standard) values('pl4','Arceus','Platinum','40121','44392.4791666667','https://images.pokemontcg.io/pl4/symbol.png','https://images.pokemontcg.io/pl4/logo.png','Legal','','');"
ru1,Pokémon Rumble,Other,16,16,,2009-12-02,2019-01-28 16:44,https://images.pokemontcg.io/ru1/symbol.png,https://images.pokemontcg.io/ru1/logo.png,Legal,,,,"insert into card_packs (id,name,series,release_date,update_date,symbol,logo,legalities_unlimited,legalities_expanded,legalities_standard) values('ru1','Pokémon Rumble','Other','40149','43493.6972222222','https://images.pokemontcg.io/ru1/symbol.png','https://images.pokemontcg.io/ru1/logo.png','Legal','','');"
hgss1,HeartGold & SoulSilver,HeartGold & SoulSilver,123,124,HS,2010-02-10,2018-03-04 10:35,https://images.pokemontcg.io/hgss1/symbol.png,https://images.pokemontcg.io/hgss1/logo.png,Legal,,,,"insert into card_packs (id,name,series,release_date,update_date,symbol,logo,legalities_unlimited,legalities_expanded,legalities_standard) values('hgss1','HeartGold & SoulSilver','HeartGold & SoulSilver','40219','43163.4409722222','https://images.pokemontcg.io/hgss1/symbol.png','https://images.pokemontcg.io/hgss1/logo.png','Legal','','');"
hsp,HGSS Black Star Promos,HeartGold & SoulSilver,25,25,PR-HS,2010-02-10,2019-01-28 16:44,https://images.pokemontcg.io/hsp/symbol.png,https://images.pokemontcg.io/hsp/logo.png,Legal,,,,"insert into card_packs (id,name,series,release_date,update_date,symbol,logo,legalities_unlimited,legalities_expanded,legalities_standard) values('hsp','HGSS Black Star Promos','HeartGold & SoulSilver','40219','43493.6972222222','https://images.pokemontcg.io/hsp/symbol.png','https://images.pokemontcg.io/hsp/logo.png','Legal','','');"
hgss2,HS—Unleashed,HeartGold & SoulSilver,95,96,UL,2010-05-12,2018-03-04 10:35,https://images.pokemontcg.io/hgss2/symbol.png,https://images.pokemontcg.io/hgss2/logo.png,Legal,,,,"insert into card_packs (id,name,series,release_date,update_date,symbol,logo,legalities_unlimited,legalities_expanded,legalities_standard) values('hgss2','HS—Unleashed','HeartGold & SoulSilver','40310','43163.4409722222','https://images.pokemontcg.io/hgss2/symbol.png','https://images.pokemontcg.io/hgss2/logo.png','Legal','','');"
hgss3,HS—Undaunted,HeartGold & SoulSilver,90,91,UD,2010-08-18,2018-03-04 10:35,https://images.pokemontcg.io/hgss3/symbol.png,https://images.pokemontcg.io/hgss3/logo.png,Legal,,,,"insert into card_packs (id,name,series,release_date,update_date,symbol,logo,legalities_unlimited,legalities_expanded,legalities_standard) values('hgss3','HS—Undaunted','HeartGold & SoulSilver','40408','43163.4409722222','https://images.pokemontcg.io/hgss3/symbol.png','https://images.pokemontcg.io/hgss3/logo.png','Legal','','');"
hgss4,HS—Triumphant,HeartGold & SoulSilver,102,103,TM,2010-11-03,2018-03-04 10:35,https://images.pokemontcg.io/hgss4/symbol.png,https://images.pokemontcg.io/hgss4/logo.png,Legal,,,,"insert into card_packs (id,name,series,release_date,update_date,symbol,logo,legalities_unlimited,legalities_expanded,legalities_standard) values('hgss4','HS—Triumphant','HeartGold & SoulSilver','40485','43163.4409722222','https://images.pokemontcg.io/hgss4/symbol.png','https://images.pokemontcg.io/hgss4/logo.png','Legal','','');"
col1,Call of Legends,HeartGold & SoulSilver,95,106,CL,2011-02-09,2018-03-04 10:35,https://images.pokemontcg.io/col1/symbol.png,https://images.pokemontcg.io/col1/logo.png,Legal,,,,"insert into card_packs (id,name,series,release_date,update_date,symbol,logo,legalities_unlimited,legalities_expanded,legalities_standard) values('col1','Call of Legends','HeartGold & SoulSilver','40583','43163.4409722222','https://images.pokemontcg.io/col1/symbol.png','https://images.pokemontcg.io/col1/logo.png','Legal','','');"
bwp,BW Black Star Promos,Black & White,101,101,PR-BLW,2011-03-01,2020-08-14 9:35,https://images.pokemontcg.io/bwp/symbol.png,https://images.pokemontcg.io/bwp/logo.png,Legal,Legal,,,"insert into card_packs (id,name,series,release_date,update_date,symbol,logo,legalities_unlimited,legalities_expanded,legalities_standard) values('bwp','BW Black Star Promos','Black & White','40603','44057.3993055556','https://images.pokemontcg.io/bwp/symbol.png','https://images.pokemontcg.io/bwp/logo.png','Legal','Legal','');"
bw1,Black & White,Black & White,114,115,BLW,2011-04-25,2018-11-29 19:56,https://images.pokemontcg.io/bw1/symbol.png,https://images.pokemontcg.io/bw1/logo.png,Legal,Legal,,,"insert into card_packs (id,name,series,release_date,update_date,symbol,logo,legalities_unlimited,legalities_expanded,legalities_standard) values('bw1','Black & White','Black & White','40658','43433.8305555556','https://images.pokemontcg.io/bw1/symbol.png','https://images.pokemontcg.io/bw1/logo.png','Legal','Legal','');"
mcd11,McDonald''s Collection 2011,Other,12,12,,2011-06-17,2022-10-10 15:12,https://images.pokemontcg.io/mcd11/symbol.png,https://images.pokemontcg.io/mcd11/logo.png,Legal,Legal,,,"insert into card_packs (id,name,series,release_date,update_date,symbol,logo,legalities_unlimited,legalities_expanded,legalities_standard) values('mcd11','McDonald''s Collection 2011','Other','40711','44844.6333333333','https://images.pokemontcg.io/mcd11/symbol.png','https://images.pokemontcg.io/mcd11/logo.png','Legal','Legal','');"
bw2,Emerging Powers,Black & White,98,98,EPO,2011-08-31,2018-03-04 10:35,https://images.pokemontcg.io/bw2/symbol.png,https://images.pokemontcg.io/bw2/logo.png,Legal,Legal,,,"insert into card_packs (id,name,series,release_date,update_date,symbol,logo,legalities_unlimited,legalities_expanded,legalities_standard) values('bw2','Emerging Powers','Black & White','40786','43163.4409722222','https://images.pokemontcg.io/bw2/symbol.png','https://images.pokemontcg.io/bw2/logo.png','Legal','Legal','');"
bw3,Noble Victories,Black & White,101,102,NVI,2011-11-16,2018-03-04 10:35,https://images.pokemontcg.io/bw3/symbol.png,https://images.pokemontcg.io/bw3/logo.png,Legal,Legal,,,"insert into card_packs (id,name,series,release_date,update_date,symbol,logo,legalities_unlimited,legalities_expanded,legalities_standard) values('bw3','Noble Victories','Black & White','40863','43163.4409722222','https://images.pokemontcg.io/bw3/symbol.png','https://images.pokemontcg.io/bw3/logo.png','Legal','Legal','');"
bw4,Next Destinies,Black & White,99,103,NXD,2012-02-08,2019-01-28 16:44,https://images.pokemontcg.io/bw4/symbol.png,https://images.pokemontcg.io/bw4/logo.png,Legal,Legal,,,"insert into card_packs (id,name,series,release_date,update_date,symbol,logo,legalities_unlimited,legalities_expanded,legalities_standard) values('bw4','Next Destinies','Black & White','40947','43493.6972222222','https://images.pokemontcg.io/bw4/symbol.png','https://images.pokemontcg.io/bw4/logo.png','Legal','Legal','');"
bw5,Dark Explorers,Black & White,108,111,DEX,2012-05-09,2018-03-04 10:35,https://images.pokemontcg.io/bw5/symbol.png,https://images.pokemontcg.io/bw5/logo.png,Legal,Legal,,,"insert into card_packs (id,name,series,release_date,update_date,symbol,logo,legalities_unlimited,legalities_expanded,legalities_standard) values('bw5','Dark Explorers','Black & White','41038','43163.4409722222','https://images.pokemontcg.io/bw5/symbol.png','https://images.pokemontcg.io/bw5/logo.png','Legal','Legal','');"
mcd12,McDonald''s Collection 2012,Other,12,12,,2012-06-15,2022-10-10 15:12,https://images.pokemontcg.io/mcd12/symbol.png,https://images.pokemontcg.io/mcd12/logo.png,Legal,Legal,,,"insert into card_packs (id,name,series,release_date,update_date,symbol,logo,legalities_unlimited,legalities_expanded,legalities_standard) values('mcd12','McDonald''s Collection 2012','Other','41075','44844.6333333333','https://images.pokemontcg.io/mcd12/symbol.png','https://images.pokemontcg.io/mcd12/logo.png','Legal','Legal','');"
bw6,Dragons Exalted,Black & White,124,128,DRX,2012-08-15,2018-03-04 10:35,https://images.pokemontcg.io/bw6/symbol.png,https://images.pokemontcg.io/bw6/logo.png,Legal,Legal,,,"insert into card_packs (id,name,series,release_date,update_date,symbol,logo,legalities_unlimited,legalities_expanded,legalities_standard) values('bw6','Dragons Exalted','Black & White','41136','43163.4409722222','https://images.pokemontcg.io/bw6/symbol.png','https://images.pokemontcg.io/bw6/logo.png','Legal','Legal','');"
dv1,Dragon Vault,Black & White,20,21,DRV,2012-10-05,2019-01-28 16:44,https://images.pokemontcg.io/dv1/symbol.png,https://images.pokemontcg.io/dv1/logo.png,Legal,Legal,,,"insert into card_packs (id,name,series,release_date,update_date,symbol,logo,legalities_unlimited,legalities_expanded,legalities_standard) values('dv1','Dragon Vault','Black & White','41187','43493.6972222222','https://images.pokemontcg.io/dv1/symbol.png','https://images.pokemontcg.io/dv1/logo.png','Legal','Legal','');"
bw7,Boundaries Crossed,Black & White,149,153,BCR,2012-11-07,2018-03-04 10:35,https://images.pokemontcg.io/bw7/symbol.png,https://images.pokemontcg.io/bw7/logo.png,Legal,Legal,,,"insert into card_packs (id,name,series,release_date,update_date,symbol,logo,legalities_unlimited,legalities_expanded,legalities_standard) values('bw7','Boundaries Crossed','Black & White','41220','43163.4409722222','https://images.pokemontcg.io/bw7/symbol.png','https://images.pokemontcg.io/bw7/logo.png','Legal','Legal','');"
bw8,Plasma Storm,Black & White,135,138,PLS,2013-02-06,2020-08-14 9:35,https://images.pokemontcg.io/bw8/symbol.png,https://images.pokemontcg.io/bw8/logo.png,Legal,Legal,,,"insert into card_packs (id,name,series,release_date,update_date,symbol,logo,legalities_unlimited,legalities_expanded,legalities_standard) values('bw8','Plasma Storm','Black & White','41311','44057.3993055556','https://images.pokemontcg.io/bw8/symbol.png','https://images.pokemontcg.io/bw8/logo.png','Legal','Legal','');"
bw9,Plasma Freeze,Black & White,116,122,PLF,2013-05-08,2018-03-04 10:35,https://images.pokemontcg.io/bw9/symbol.png,https://images.pokemontcg.io/bw9/logo.png,Legal,Legal,,,"insert into card_packs (id,name,series,release_date,update_date,symbol,logo,legalities_unlimited,legalities_expanded,legalities_standard) values('bw9','Plasma Freeze','Black & White','41402','43163.4409722222','https://images.pokemontcg.io/bw9/symbol.png','https://images.pokemontcg.io/bw9/logo.png','Legal','Legal','');"
bw10,Plasma Blast,Black & White,101,105,PLB,2013-08-14,2018-03-04 10:35,https://images.pokemontcg.io/bw10/symbol.png,https://images.pokemontcg.io/bw10/logo.png,Legal,Legal,,,"insert into card_packs (id,name,series,release_date,update_date,symbol,logo,legalities_unlimited,legalities_expanded,legalities_standard) values('bw10','Plasma Blast','Black & White','41500','43163.4409722222','https://images.pokemontcg.io/bw10/symbol.png','https://images.pokemontcg.io/bw10/logo.png','Legal','Legal','');"
xyp,XY Black Star Promos,XY,211,216,PR-XY,2013-10-12,2020-08-14 9:35,https://images.pokemontcg.io/xyp/symbol.png,https://images.pokemontcg.io/xyp/logo.png,Legal,Legal,,,"insert into card_packs (id,name,series,release_date,update_date,symbol,logo,legalities_unlimited,legalities_expanded,legalities_standard) values('xyp','XY Black Star Promos','XY','41559','44057.3993055556','https://images.pokemontcg.io/xyp/symbol.png','https://images.pokemontcg.io/xyp/logo.png','Legal','Legal','');"
bw11,Legendary Treasures,Black & White,113,140,LTR,2013-11-06,2018-03-04 10:35,https://images.pokemontcg.io/bw11/symbol.png,https://images.pokemontcg.io/bw11/logo.png,Legal,Legal,,,"insert into card_packs (id,name,series,release_date,update_date,symbol,logo,legalities_unlimited,legalities_expanded,legalities_standard) values('bw11','Legendary Treasures','Black & White','41584','43163.4409722222','https://images.pokemontcg.io/bw11/symbol.png','https://images.pokemontcg.io/bw11/logo.png','Legal','Legal','');"
xy0,Kalos Starter Set,XY,39,39,KSS,2013-11-08,2018-03-04 10:35,https://images.pokemontcg.io/xy0/symbol.png,https://images.pokemontcg.io/xy0/logo.png,Legal,Legal,,,"insert into card_packs (id,name,series,release_date,update_date,symbol,logo,legalities_unlimited,legalities_expanded,legalities_standard) values('xy0','Kalos Starter Set','XY','41586','43163.4409722222','https://images.pokemontcg.io/xy0/symbol.png','https://images.pokemontcg.io/xy0/logo.png','Legal','Legal','');"
xy1,XY,XY,146,146,XY,2014-02-05,2018-03-04 10:35,https://images.pokemontcg.io/xy1/symbol.png,https://images.pokemontcg.io/xy1/logo.png,Legal,Legal,,,"insert into card_packs (id,name,series,release_date,update_date,symbol,logo,legalities_unlimited,legalities_expanded,legalities_standard) values('xy1','XY','XY','41675','43163.4409722222','https://images.pokemontcg.io/xy1/symbol.png','https://images.pokemontcg.io/xy1/logo.png','Legal','Legal','');"
xy2,Flashfire,XY,106,110,FLF,2014-05-07,2018-03-04 10:35,https://images.pokemontcg.io/xy2/symbol.png,https://images.pokemontcg.io/xy2/logo.png,Legal,Legal,,,"insert into card_packs (id,name,series,release_date,update_date,symbol,logo,legalities_unlimited,legalities_expanded,legalities_standard) values('xy2','Flashfire','XY','41766','43163.4409722222','https://images.pokemontcg.io/xy2/symbol.png','https://images.pokemontcg.io/xy2/logo.png','Legal','Legal','');"
mcd14,McDonald''s Collection 2014,Other,12,12,,2014-05-23,2022-10-10 15:12,https://images.pokemontcg.io/mcd14/symbol.png,https://images.pokemontcg.io/mcd14/logo.png,Legal,Legal,,,"insert into card_packs (id,name,series,release_date,update_date,symbol,logo,legalities_unlimited,legalities_expanded,legalities_standard) values('mcd14','McDonald''s Collection 2014','Other','41782','44844.6333333333','https://images.pokemontcg.io/mcd14/symbol.png','https://images.pokemontcg.io/mcd14/logo.png','Legal','Legal','');"
xy3,Furious Fists,XY,111,114,FFI,2014-08-13,2018-03-04 10:35,https://images.pokemontcg.io/xy3/symbol.png,https://images.pokemontcg.io/xy3/logo.png,Legal,Legal,,,"insert into card_packs (id,name,series,release_date,update_date,symbol,logo,legalities_unlimited,legalities_expanded,legalities_standard) values('xy3','Furious Fists','XY','41864','43163.4409722222','https://images.pokemontcg.io/xy3/symbol.png','https://images.pokemontcg.io/xy3/logo.png','Legal','Legal','');"
xy4,Phantom Forces,XY,119,124,PHF,2014-11-05,2020-08-14 9:35,https://images.pokemontcg.io/xy4/symbol.png,https://images.pokemontcg.io/xy4/logo.png,Legal,Legal,,,"insert into card_packs (id,name,series,release_date,update_date,symbol,logo,legalities_unlimited,legalities_expanded,legalities_standard) values('xy4','Phantom Forces','XY','41948','44057.3993055556','https://images.pokemontcg.io/xy4/symbol.png','https://images.pokemontcg.io/xy4/logo.png','Legal','Legal','');"
xy5,Primal Clash,XY,160,164,PRC,2015-02-04,2020-05-01 16:06,https://images.pokemontcg.io/xy5/symbol.png,https://images.pokemontcg.io/xy5/logo.png,Legal,Legal,,,"insert into card_packs (id,name,series,release_date,update_date,symbol,logo,legalities_unlimited,legalities_expanded,legalities_standard) values('xy5','Primal Clash','XY','42039','43952.6708333333','https://images.pokemontcg.io/xy5/symbol.png','https://images.pokemontcg.io/xy5/logo.png','Legal','Legal','');"
dc1,Double Crisis,XY,34,34,DCR,2015-03-25,2019-01-28 16:44,https://images.pokemontcg.io/dc1/symbol.png,https://images.pokemontcg.io/dc1/logo.png,Legal,Legal,,,"insert into card_packs (id,name,series,release_date,update_date,symbol,logo,legalities_unlimited,legalities_expanded,legalities_standard) values('dc1','Double Crisis','XY','42088','43493.6972222222','https://images.pokemontcg.io/dc1/symbol.png','https://images.pokemontcg.io/dc1/logo.png','Legal','Legal','');"
xy6,Roaring Skies,XY,108,112,ROS,2015-05-06,2020-08-14 9:35,https://images.pokemontcg.io/xy6/symbol.png,https://images.pokemontcg.io/xy6/logo.png,Legal,Legal,,,"insert into card_packs (id,name,series,release_date,update_date,symbol,logo,legalities_unlimited,legalities_expanded,legalities_standard) values('xy6','Roaring Skies','XY','42130','44057.3993055556','https://images.pokemontcg.io/xy6/symbol.png','https://images.pokemontcg.io/xy6/logo.png','Legal','Legal','');"
xy7,Ancient Origins,XY,98,100,AOR,2015-08-12,2020-08-14 9:35,https://images.pokemontcg.io/xy7/symbol.png,https://images.pokemontcg.io/xy7/logo.png,Legal,Legal,,,"insert into card_packs (id,name,series,release_date,update_date,symbol,logo,legalities_unlimited,legalities_expanded,legalities_standard) values('xy7','Ancient Origins','XY','42228','44057.3993055556','https://images.pokemontcg.io/xy7/symbol.png','https://images.pokemontcg.io/xy7/logo.png','Legal','Legal','');"
xy8,BREAKthrough,XY,162,165,BKT,2015-11-04,2019-04-10 19:59,https://images.pokemontcg.io/xy8/symbol.png,https://images.pokemontcg.io/xy8/logo.png,Legal,Legal,,,"insert into card_packs (id,name,series,release_date,update_date,symbol,logo,legalities_unlimited,legalities_expanded,legalities_standard) values('xy8','BREAKthrough','XY','42312','43565.8326388889','https://images.pokemontcg.io/xy8/symbol.png','https://images.pokemontcg.io/xy8/logo.png','Legal','Legal','');"
mcd15,McDonald''s Collection 2015,Other,12,12,,2015-11-27,2022-10-10 15:12,https://images.pokemontcg.io/mcd15/symbol.png,https://images.pokemontcg.io/mcd15/logo.png,Legal,Legal,,,"insert into card_packs (id,name,series,release_date,update_date,symbol,logo,legalities_unlimited,legalities_expanded,legalities_standard) values('mcd15','McDonald''s Collection 2015','Other','42335','44844.6333333333','https://images.pokemontcg.io/mcd15/symbol.png','https://images.pokemontcg.io/mcd15/logo.png','Legal','Legal','');"
xy9,BREAKpoint,XY,122,126,BKP,2016-02-03,2020-08-14 9:35,https://images.pokemontcg.io/xy9/symbol.png,https://images.pokemontcg.io/xy9/logo.png,Legal,Legal,,,"insert into card_packs (id,name,series,release_date,update_date,symbol,logo,legalities_unlimited,legalities_expanded,legalities_standard) values('xy9','BREAKpoint','XY','42403','44057.3993055556','https://images.pokemontcg.io/xy9/symbol.png','https://images.pokemontcg.io/xy9/logo.png','Legal','Legal','');"
g1,Generations,XY,83,117,GEN,2016-02-22,2020-08-14 9:35,https://images.pokemontcg.io/g1/symbol.png,https://images.pokemontcg.io/g1/logo.png,Legal,Legal,,,"insert into card_packs (id,name,series,release_date,update_date,symbol,logo,legalities_unlimited,legalities_expanded,legalities_standard) values('g1','Generations','XY','42422','44057.3993055556','https://images.pokemontcg.io/g1/symbol.png','https://images.pokemontcg.io/g1/logo.png','Legal','Legal','');"
xy10,Fates Collide,XY,124,129,FCO,2016-05-02,2018-09-03 11:49,https://images.pokemontcg.io/xy10/symbol.png,https://images.pokemontcg.io/xy10/logo.png,Legal,Legal,,,"insert into card_packs (id,name,series,release_date,update_date,symbol,logo,legalities_unlimited,legalities_expanded,legalities_standard) values('xy10','Fates Collide','XY','42492','43346.4923611111','https://images.pokemontcg.io/xy10/symbol.png','https://images.pokemontcg.io/xy10/logo.png','Legal','Legal','');"
xy11,Steam Siege,XY,114,116,STS,2016-08-03,2019-04-10 19:59,https://images.pokemontcg.io/xy11/symbol.png,https://images.pokemontcg.io/xy11/logo.png,Legal,Legal,,,"insert into card_packs (id,name,series,release_date,update_date,symbol,logo,legalities_unlimited,legalities_expanded,legalities_standard) values('xy11','Steam Siege','XY','42585','43565.8326388889','https://images.pokemontcg.io/xy11/symbol.png','https://images.pokemontcg.io/xy11/logo.png','Legal','Legal','');"
mcd16,McDonald''s Collection 2016,Other,12,12,,2016-08-19,2022-10-10 15:12,https://images.pokemontcg.io/mcd16/symbol.png,https://images.pokemontcg.io/mcd16/logo.png,Legal,Legal,,,"insert into card_packs (id,name,series,release_date,update_date,symbol,logo,legalities_unlimited,legalities_expanded,legalities_standard) values('mcd16','McDonald''s Collection 2016','Other','42601','44844.6333333333','https://images.pokemontcg.io/mcd16/symbol.png','https://images.pokemontcg.io/mcd16/logo.png','Legal','Legal','');"
xy12,Evolutions,XY,108,113,EVO,2016-11-02,2020-09-25 10:09,https://images.pokemontcg.io/xy12/symbol.png,https://images.pokemontcg.io/xy12/logo.png,Legal,Legal,,,"insert into card_packs (id,name,series,release_date,update_date,symbol,logo,legalities_unlimited,legalities_expanded,legalities_standard) values('xy12','Evolutions','XY','42676','44099.4229166667','https://images.pokemontcg.io/xy12/symbol.png','https://images.pokemontcg.io/xy12/logo.png','Legal','Legal','');"
sm1,Sun & Moon,Sun & Moon,149,173,SUM,2017-02-03,2019-04-10 19:59,https://images.pokemontcg.io/sm1/symbol.png,https://images.pokemontcg.io/sm1/logo.png,Legal,Legal,,,"insert into card_packs (id,name,series,release_date,update_date,symbol,logo,legalities_unlimited,legalities_expanded,legalities_standard) values('sm1','Sun & Moon','Sun & Moon','42769','43565.8326388889','https://images.pokemontcg.io/sm1/symbol.png','https://images.pokemontcg.io/sm1/logo.png','Legal','Legal','');"
smp,SM Black Star Promos,Sun & Moon,248,250,PR-SM,2017-02-03,2020-05-01 16:06,https://images.pokemontcg.io/smp/symbol.png,https://images.pokemontcg.io/smp/logo.png,Legal,Legal,,,"insert into card_packs (id,name,series,release_date,update_date,symbol,logo,legalities_unlimited,legalities_expanded,legalities_standard) values('smp','SM Black Star Promos','Sun & Moon','42769','43952.6708333333','https://images.pokemontcg.io/smp/symbol.png','https://images.pokemontcg.io/smp/logo.png','Legal','Legal','');"
sm2,Guardians Rising,Sun & Moon,145,180,GRI,2017-05-05,2022-10-11 21:39,https://images.pokemontcg.io/sm2/symbol.png,https://images.pokemontcg.io/sm2/logo.png,Legal,Legal,,,"insert into card_packs (id,name,series,release_date,update_date,symbol,logo,legalities_unlimited,legalities_expanded,legalities_standard) values('sm2','Guardians Rising','Sun & Moon','42860','44845.9020833333','https://images.pokemontcg.io/sm2/symbol.png','https://images.pokemontcg.io/sm2/logo.png','Legal','Legal','');"
sm3,Burning Shadows,Sun & Moon,147,177,BUS,2017-08-05,2022-10-11 21:39,https://images.pokemontcg.io/sm3/symbol.png,https://images.pokemontcg.io/sm3/logo.png,Legal,Legal,,,"insert into card_packs (id,name,series,release_date,update_date,symbol,logo,legalities_unlimited,legalities_expanded,legalities_standard) values('sm3','Burning Shadows','Sun & Moon','42952','44845.9020833333','https://images.pokemontcg.io/sm3/symbol.png','https://images.pokemontcg.io/sm3/logo.png','Legal','Legal','');"
sm35,Shining Legends,Sun & Moon,73,81,SLG,2017-10-06,2022-10-11 21:39,https://images.pokemontcg.io/sm35/symbol.png,https://images.pokemontcg.io/sm35/logo.png,Legal,Legal,,,"insert into card_packs (id,name,series,release_date,update_date,symbol,logo,legalities_unlimited,legalities_expanded,legalities_standard) values('sm35','Shining Legends','Sun & Moon','43014','44845.9020833333','https://images.pokemontcg.io/sm35/symbol.png','https://images.pokemontcg.io/sm35/logo.png','Legal','Legal','');"
sm4,Crimson Invasion,Sun & Moon,111,126,CIN,2017-11-03,2022-10-11 21:39,https://images.pokemontcg.io/sm4/symbol.png,https://images.pokemontcg.io/sm4/logo.png,Legal,Legal,,,"insert into card_packs (id,name,series,release_date,update_date,symbol,logo,legalities_unlimited,legalities_expanded,legalities_standard) values('sm4','Crimson Invasion','Sun & Moon','43042','44845.9020833333','https://images.pokemontcg.io/sm4/symbol.png','https://images.pokemontcg.io/sm4/logo.png','Legal','Legal','');"
mcd17,McDonald''s Collection 2017,Other,12,12,,2017-11-07,2022-10-10 15:12,https://images.pokemontcg.io/mcd17/symbol.png,https://images.pokemontcg.io/mcd17/logo.png,Legal,Legal,,,"insert into card_packs (id,name,series,release_date,update_date,symbol,logo,legalities_unlimited,legalities_expanded,legalities_standard) values('mcd17','McDonald''s Collection 2017','Other','43046','44844.6333333333','https://images.pokemontcg.io/mcd17/symbol.png','https://images.pokemontcg.io/mcd17/logo.png','Legal','Legal','');"
sm5,Ultra Prism,Sun & Moon,156,178,UPR,2018-02-02,2019-02-19 23:25,https://images.pokemontcg.io/sm5/symbol.png,https://images.pokemontcg.io/sm5/logo.png,Legal,Legal,,,"insert into card_packs (id,name,series,release_date,update_date,symbol,logo,legalities_unlimited,legalities_expanded,legalities_standard) values('sm5','Ultra Prism','Sun & Moon','43133','43515.9756944444','https://images.pokemontcg.io/sm5/symbol.png','https://images.pokemontcg.io/sm5/logo.png','Legal','Legal','');"
sm6,Forbidden Light,Sun & Moon,131,150,FLI,2018-05-04,2019-02-19 23:25,https://images.pokemontcg.io/sm6/symbol.png,https://images.pokemontcg.io/sm6/logo.png,Legal,Legal,,,"insert into card_packs (id,name,series,release_date,update_date,symbol,logo,legalities_unlimited,legalities_expanded,legalities_standard) values('sm6','Forbidden Light','Sun & Moon','43224','43515.9756944444','https://images.pokemontcg.io/sm6/symbol.png','https://images.pokemontcg.io/sm6/logo.png','Legal','Legal','');"
sm7,Celestial Storm,Sun & Moon,168,187,CES,2018-08-03,2022-10-11 21:39,https://images.pokemontcg.io/sm7/symbol.png,https://images.pokemontcg.io/sm7/logo.png,Legal,Legal,,,"insert into card_packs (id,name,series,release_date,update_date,symbol,logo,legalities_unlimited,legalities_expanded,legalities_standard) values('sm7','Celestial Storm','Sun & Moon','43315','44845.9020833333','https://images.pokemontcg.io/sm7/symbol.png','https://images.pokemontcg.io/sm7/logo.png','Legal','Legal','');"
sm75,Dragon Majesty,Sun & Moon,70,80,DRM,2018-09-07,2018-10-01 21:54,https://images.pokemontcg.io/sm75/symbol.png,https://images.pokemontcg.io/sm75/logo.png,Legal,Legal,,,"insert into card_packs (id,name,series,release_date,update_date,symbol,logo,legalities_unlimited,legalities_expanded,legalities_standard) values('sm75','Dragon Majesty','Sun & Moon','43350','43374.9125','https://images.pokemontcg.io/sm75/symbol.png','https://images.pokemontcg.io/sm75/logo.png','Legal','Legal','');"
mcd18,McDonald''s Collection 2018,Other,12,12,,2018-10-16,2022-10-10 15:12,https://images.pokemontcg.io/mcd18/symbol.png,https://images.pokemontcg.io/mcd18/logo.png,Legal,Legal,,,"insert into card_packs (id,name,series,release_date,update_date,symbol,logo,legalities_unlimited,legalities_expanded,legalities_standard) values('mcd18','McDonald''s Collection 2018','Other','43389','44844.6333333333','https://images.pokemontcg.io/mcd18/symbol.png','https://images.pokemontcg.io/mcd18/logo.png','Legal','Legal','');"
sm8,Lost Thunder,Sun & Moon,214,240,LOT,2018-11-02,2020-08-14 9:35,https://images.pokemontcg.io/sm8/symbol.png,https://images.pokemontcg.io/sm8/logo.png,Legal,Legal,,,"insert into card_packs (id,name,series,release_date,update_date,symbol,logo,legalities_unlimited,legalities_expanded,legalities_standard) values('sm8','Lost Thunder','Sun & Moon','43406','44057.3993055556','https://images.pokemontcg.io/sm8/symbol.png','https://images.pokemontcg.io/sm8/logo.png','Legal','Legal','');"
sm9,Team Up,Sun & Moon,181,198,TEU,2019-02-01,2021-09-01 5:37,https://images.pokemontcg.io/sm9/symbol.png,https://images.pokemontcg.io/sm9/logo.png,Legal,Legal,,,"insert into card_packs (id,name,series,release_date,update_date,symbol,logo,legalities_unlimited,legalities_expanded,legalities_standard) values('sm9','Team Up','Sun & Moon','43497','44440.2340277778','https://images.pokemontcg.io/sm9/symbol.png','https://images.pokemontcg.io/sm9/logo.png','Legal','Legal','');"
det1,Detective Pikachu,Sun & Moon,18,18,DET,2019-04-05,2021-09-01 5:37,https://images.pokemontcg.io/det1/symbol.png,https://images.pokemontcg.io/det1/logo.png,Legal,Legal,,,"insert into card_packs (id,name,series,release_date,update_date,symbol,logo,legalities_unlimited,legalities_expanded,legalities_standard) values('det1','Detective Pikachu','Sun & Moon','43560','44440.2340277778','https://images.pokemontcg.io/det1/symbol.png','https://images.pokemontcg.io/det1/logo.png','Legal','Legal','');"
sm10,Unbroken Bonds,Sun & Moon,214,234,UNB,2019-05-03,2021-09-01 5:37,https://images.pokemontcg.io/sm10/symbol.png,https://images.pokemontcg.io/sm10/logo.png,Legal,Legal,,,"insert into card_packs (id,name,series,release_date,update_date,symbol,logo,legalities_unlimited,legalities_expanded,legalities_standard) values('sm10','Unbroken Bonds','Sun & Moon','43588','44440.2340277778','https://images.pokemontcg.io/sm10/symbol.png','https://images.pokemontcg.io/sm10/logo.png','Legal','Legal','');"
sm11,Unified Minds,Sun & Moon,236,260,UNM,2019-08-02,2021-09-01 5:37,https://images.pokemontcg.io/sm11/symbol.png,https://images.pokemontcg.io/sm11/logo.png,Legal,Legal,,,"insert into card_packs (id,name,series,release_date,update_date,symbol,logo,legalities_unlimited,legalities_expanded,legalities_standard) values('sm11','Unified Minds','Sun & Moon','43679','44440.2340277778','https://images.pokemontcg.io/sm11/symbol.png','https://images.pokemontcg.io/sm11/logo.png','Legal','Legal','');"
sm115,Hidden Fates,Sun & Moon,68,69,HIF,2019-08-23,2021-09-01 5:37,https://images.pokemontcg.io/sm115/symbol.png,https://images.pokemontcg.io/sm115/logo.png,Legal,Legal,,,"insert into card_packs (id,name,series,release_date,update_date,symbol,logo,legalities_unlimited,legalities_expanded,legalities_standard) values('sm115','Hidden Fates','Sun & Moon','43700','44440.2340277778','https://images.pokemontcg.io/sm115/symbol.png','https://images.pokemontcg.io/sm115/logo.png','Legal','Legal','');"
sma,Shiny Vault,Sun & Moon,94,94,,2019-08-23,2021-09-01 5:37,https://images.pokemontcg.io/sma/symbol.png,https://images.pokemontcg.io/sma/logo.png,Legal,Legal,,,"insert into card_packs (id,name,series,release_date,update_date,symbol,logo,legalities_unlimited,legalities_expanded,legalities_standard) values('sma','Shiny Vault','Sun & Moon','43700','44440.2340277778','https://images.pokemontcg.io/sma/symbol.png','https://images.pokemontcg.io/sma/logo.png','Legal','Legal','');"
mcd19,McDonald''s Collection 2019,Other,12,12,,2019-10-15,2022-10-10 15:12,https://images.pokemontcg.io/mcd19/symbol.png,https://images.pokemontcg.io/mcd19/logo.png,Legal,Legal,,,"insert into card_packs (id,name,series,release_date,update_date,symbol,logo,legalities_unlimited,legalities_expanded,legalities_standard) values('mcd19','McDonald''s Collection 2019','Other','43753','44844.6333333333','https://images.pokemontcg.io/mcd19/symbol.png','https://images.pokemontcg.io/mcd19/logo.png','Legal','Legal','');"
sm12,Cosmic Eclipse,Sun & Moon,236,272,CEC,2019-11-01,2021-09-01 5:37,https://images.pokemontcg.io/sm12/symbol.png,https://images.pokemontcg.io/sm12/logo.png,Legal,Legal,,,"insert into card_packs (id,name,series,release_date,update_date,symbol,logo,legalities_unlimited,legalities_expanded,legalities_standard) values('sm12','Cosmic Eclipse','Sun & Moon','43770','44440.2340277778','https://images.pokemontcg.io/sm12/symbol.png','https://images.pokemontcg.io/sm12/logo.png','Legal','Legal','');"
swshp,SWSH Black Star Promos,Sword & Shield,307,304,PR-SW,2019-11-15,2022-07-23 20:15,https://images.pokemontcg.io/swshp/symbol.png,https://images.pokemontcg.io/swshp/logo.png,Legal,Legal,Legal,,"insert into card_packs (id,name,series,release_date,update_date,symbol,logo,legalities_unlimited,legalities_expanded,legalities_standard) values('swshp','SWSH Black Star Promos','Sword & Shield','43784','44765.84375','https://images.pokemontcg.io/swshp/symbol.png','https://images.pokemontcg.io/swshp/logo.png','Legal','Legal','Legal');"
swsh1,Sword & Shield,Sword & Shield,202,216,SSH,2020-02-07,2020-08-14 9:35,https://images.pokemontcg.io/swsh1/symbol.png,https://images.pokemontcg.io/swsh1/logo.png,Legal,Legal,,,"insert into card_packs (id,name,series,release_date,update_date,symbol,logo,legalities_unlimited,legalities_expanded,legalities_standard) values('swsh1','Sword & Shield','Sword & Shield','43868','44057.3993055556','https://images.pokemontcg.io/swsh1/symbol.png','https://images.pokemontcg.io/swsh1/logo.png','Legal','Legal','');"
swsh2,Rebel Clash,Sword & Shield,192,209,RCL,2020-05-01,2020-09-25 10:09,https://images.pokemontcg.io/swsh2/symbol.png,https://images.pokemontcg.io/swsh2/logo.png,Legal,Legal,,,"insert into card_packs (id,name,series,release_date,update_date,symbol,logo,legalities_unlimited,legalities_expanded,legalities_standard) values('swsh2','Rebel Clash','Sword & Shield','43952','44099.4229166667','https://images.pokemontcg.io/swsh2/symbol.png','https://images.pokemontcg.io/swsh2/logo.png','Legal','Legal','');"
swsh3,Darkness Ablaze,Sword & Shield,189,201,DAA,2020-08-14,2020-10-25 13:45,https://images.pokemontcg.io/swsh3/symbol.png,https://images.pokemontcg.io/swsh3/logo.png,Legal,Legal,,,"insert into card_packs (id,name,series,release_date,update_date,symbol,logo,legalities_unlimited,legalities_expanded,legalities_standard) values('swsh3','Darkness Ablaze','Sword & Shield','44057','44129.5729166667','https://images.pokemontcg.io/swsh3/symbol.png','https://images.pokemontcg.io/swsh3/logo.png','Legal','Legal','');"
fut20,Pokémon Futsal Collection,Other,5,5,FUT20,2020-09-11,2022-10-10 15:12,https://images.pokemontcg.io/fut20/symbol.png,https://images.pokemontcg.io/fut20/logo.png,Legal,Legal,Legal,,"insert into card_packs (id,name,series,release_date,update_date,symbol,logo,legalities_unlimited,legalities_expanded,legalities_standard) values('fut20','Pokémon Futsal Collection','Other','44085','44844.6333333333','https://images.pokemontcg.io/fut20/symbol.png','https://images.pokemontcg.io/fut20/logo.png','Legal','Legal','Legal');"
swsh35,Champion''s Path,Sword & Shield,73,80,CPA,2020-09-25,2020-10-25 13:45,https://images.pokemontcg.io/swsh35/symbol.png,https://images.pokemontcg.io/swsh35/logo.png,Legal,Legal,,,"insert into card_packs (id,name,series,release_date,update_date,symbol,logo,legalities_unlimited,legalities_expanded,legalities_standard) values('swsh35','Champion''s Path','Sword & Shield','44099','44129.5729166667','https://images.pokemontcg.io/swsh35/symbol.png','https://images.pokemontcg.io/swsh35/logo.png','Legal','Legal','');"
swsh4,Vivid Voltage,Sword & Shield,185,203,VIV,2020-11-13,2020-11-13 16:20,https://images.pokemontcg.io/swsh4/symbol.png,https://images.pokemontcg.io/swsh4/logo.png,Legal,Legal,,,"insert into card_packs (id,name,series,release_date,update_date,symbol,logo,legalities_unlimited,legalities_expanded,legalities_standard) values('swsh4','Vivid Voltage','Sword & Shield','44148','44148.6805555556','https://images.pokemontcg.io/swsh4/symbol.png','https://images.pokemontcg.io/swsh4/logo.png','Legal','Legal','');"
swsh45,Shining Fates,Sword & Shield,72,73,SHF,2021-02-19,2021-02-24 16:17,https://images.pokemontcg.io/swsh45/symbol.png,https://images.pokemontcg.io/swsh45/logo.png,Legal,Legal,Legal,,"insert into card_packs (id,name,series,release_date,update_date,symbol,logo,legalities_unlimited,legalities_expanded,legalities_standard) values('swsh45','Shining Fates','Sword & Shield','44246','44251.6784722222','https://images.pokemontcg.io/swsh45/symbol.png','https://images.pokemontcg.io/swsh45/logo.png','Legal','Legal','Legal');"
swsh45sv,Shiny Vault,Sword & Shield,122,122,SHF,2021-02-19,2021-02-24 16:17,https://images.pokemontcg.io/swsh45sv/symbol.png,https://images.pokemontcg.io/swsh45sv/logo.png,Legal,Legal,,,"insert into card_packs (id,name,series,release_date,update_date,symbol,logo,legalities_unlimited,legalities_expanded,legalities_standard) values('swsh45sv','Shiny Vault','Sword & Shield','44246','44251.6784722222','https://images.pokemontcg.io/swsh45sv/symbol.png','https://images.pokemontcg.io/swsh45sv/logo.png','Legal','Legal','');"
swsh5,Battle Styles,Sword & Shield,163,183,BST,2021-03-19,2021-03-19 15:12,https://images.pokemontcg.io/swsh5/symbol.png,https://images.pokemontcg.io/swsh5/logo.png,Legal,Legal,Legal,,"insert into card_packs (id,name,series,release_date,update_date,symbol,logo,legalities_unlimited,legalities_expanded,legalities_standard) values('swsh5','Battle Styles','Sword & Shield','44274','44274.6333333333','https://images.pokemontcg.io/swsh5/symbol.png','https://images.pokemontcg.io/swsh5/logo.png','Legal','Legal','Legal');"
swsh6,Chilling Reign,Sword & Shield,198,233,CRE,2021-06-18,2021-06-18 12:12,https://images.pokemontcg.io/swsh6/symbol.png,https://images.pokemontcg.io/swsh6/logo.png,Legal,Legal,Legal,,"insert into card_packs (id,name,series,release_date,update_date,symbol,logo,legalities_unlimited,legalities_expanded,legalities_standard) values('swsh6','Chilling Reign','Sword & Shield','44365','44365.5083333333','https://images.pokemontcg.io/swsh6/symbol.png','https://images.pokemontcg.io/swsh6/logo.png','Legal','Legal','Legal');"
swsh7,Evolving Skies,Sword & Shield,203,237,EVS,2021-08-27,2021-08-27 10:17,https://images.pokemontcg.io/swsh7/symbol.png,https://images.pokemontcg.io/swsh7/logo.png,Legal,Legal,Legal,,"insert into card_packs (id,name,series,release_date,update_date,symbol,logo,legalities_unlimited,legalities_expanded,legalities_standard) values('swsh7','Evolving Skies','Sword & Shield','44435','44435.4284722222','https://images.pokemontcg.io/swsh7/symbol.png','https://images.pokemontcg.io/swsh7/logo.png','Legal','Legal','Legal');"
mcd21,McDonald''s Collection 2021,Other,25,25,,2021-02-09,2022-10-10 15:12,https://images.pokemontcg.io/mcd21/symbol.png,https://images.pokemontcg.io/mcd21/logo.png,Legal,Legal,,,"insert into card_packs (id,name,series,release_date,update_date,symbol,logo,legalities_unlimited,legalities_expanded,legalities_standard) values('mcd21','McDonald''s Collection 2021','Other','44236','44844.6333333333','https://images.pokemontcg.io/mcd21/symbol.png','https://images.pokemontcg.io/mcd21/logo.png','Legal','Legal','');"
cel25,Celebrations,Sword & Shield,25,25,CEL,2021-10-08,2022-10-11 21:39,https://images.pokemontcg.io/cel25/symbol.png,https://images.pokemontcg.io/cel25/logo.png,Legal,Legal,Legal,,"insert into card_packs (id,name,series,release_date,update_date,symbol,logo,legalities_unlimited,legalities_expanded,legalities_standard) values('cel25','Celebrations','Sword & Shield','44477','44845.9020833333','https://images.pokemontcg.io/cel25/symbol.png','https://images.pokemontcg.io/cel25/logo.png','Legal','Legal','Legal');"
cel25c,Celebrations: Classic Collection,Sword & Shield,25,25,CEL,2021-10-08,2022-10-11 21:39,https://images.pokemontcg.io/cel25c/symbol.png,https://images.pokemontcg.io/cel25c/logo.png,Legal,,,,"insert into card_packs (id,name,series,release_date,update_date,symbol,logo,legalities_unlimited,legalities_expanded,legalities_standard) values('cel25c','Celebrations: Classic Collection','Sword & Shield','44477','44845.9020833333','https://images.pokemontcg.io/cel25c/symbol.png','https://images.pokemontcg.io/cel25c/logo.png','Legal','','');"
swsh8,Fusion Strike,Sword & Shield,264,284,FST,2021-11-12,2021-11-12 7:32,https://images.pokemontcg.io/swsh8/symbol.png,https://images.pokemontcg.io/swsh8/logo.png,Legal,Legal,Legal,,"insert into card_packs (id,name,series,release_date,update_date,symbol,logo,legalities_unlimited,legalities_expanded,legalities_standard) values('swsh8','Fusion Strike','Sword & Shield','44512','44512.3138888889','https://images.pokemontcg.io/swsh8/symbol.png','https://images.pokemontcg.io/swsh8/logo.png','Legal','Legal','Legal');"
swsh9,Brilliant Stars,Sword & Shield,172,186,BRS,2022-02-25,2022-02-23 9:45,https://images.pokemontcg.io/swsh9/symbol.png,https://images.pokemontcg.io/swsh9/logo.png,Legal,Legal,Legal,,"insert into card_packs (id,name,series,release_date,update_date,symbol,logo,legalities_unlimited,legalities_expanded,legalities_standard) values('swsh9','Brilliant Stars','Sword & Shield','44617','44615.40625','https://images.pokemontcg.io/swsh9/symbol.png','https://images.pokemontcg.io/swsh9/logo.png','Legal','Legal','Legal');"
swsh9tg,Brilliant Stars Trainer Gallery,Sword & Shield,30,30,BRS,2022-02-25,2022-02-23 9:45,https://images.pokemontcg.io/swsh9tg/symbol.png,https://images.pokemontcg.io/swsh9tg/logo.png,Legal,Legal,Legal,,"insert into card_packs (id,name,series,release_date,update_date,symbol,logo,legalities_unlimited,legalities_expanded,legalities_standard) values('swsh9tg','Brilliant Stars Trainer Gallery','Sword & Shield','44617','44615.40625','https://images.pokemontcg.io/swsh9tg/symbol.png','https://images.pokemontcg.io/swsh9tg/logo.png','Legal','Legal','Legal');"
swsh10,Astral Radiance,Sword & Shield,189,216,ASR,2022-05-27,2022-05-27 9:45,https://images.pokemontcg.io/swsh10/symbol.png,https://images.pokemontcg.io/swsh10/logo.png,Legal,Legal,Legal,,"insert into card_packs (id,name,series,release_date,update_date,symbol,logo,legalities_unlimited,legalities_expanded,legalities_standard) values('swsh10','Astral Radiance','Sword & Shield','44708','44708.40625','https://images.pokemontcg.io/swsh10/symbol.png','https://images.pokemontcg.io/swsh10/logo.png','Legal','Legal','Legal');"
swsh10tg,Astral Radiance Trainer Gallery,Sword & Shield,30,30,ASR,2022-05-27,2022-05-27 9:45,https://images.pokemontcg.io/swsh10tg/symbol.png,https://images.pokemontcg.io/swsh10tg/logo.png,Legal,Legal,Legal,,"insert into card_packs (id,name,series,release_date,update_date,symbol,logo,legalities_unlimited,legalities_expanded,legalities_standard) values('swsh10tg','Astral Radiance Trainer Gallery','Sword & Shield','44708','44708.40625','https://images.pokemontcg.io/swsh10tg/symbol.png','https://images.pokemontcg.io/swsh10tg/logo.png','Legal','Legal','Legal');"
pgo,Pokémon GO,Sword & Shield,78,88,PGO,2022-07-01,2022-07-06 17:07,https://images.pokemontcg.io/pgo/symbol.png,https://images.pokemontcg.io/pgo/logo.png,Legal,Legal,Legal,,"insert into card_packs (id,name,series,release_date,update_date,symbol,logo,legalities_unlimited,legalities_expanded,legalities_standard) values('pgo','Pokémon GO','Sword & Shield','44743','44748.7131944444','https://images.pokemontcg.io/pgo/symbol.png','https://images.pokemontcg.io/pgo/logo.png','Legal','Legal','Legal');"
mcd22,McDonald''s Collection 2022,Other,15,15,,2022-08-03,2022-10-09 13:21,https://images.pokemontcg.io/mcd22/symbol.png,https://images.pokemontcg.io/mcd22/logo.png,Legal,Legal,Legal,,"insert into card_packs (id,name,series,release_date,update_date,symbol,logo,legalities_unlimited,legalities_expanded,legalities_standard) values('mcd22','McDonald''s Collection 2022','Other','44776','44843.55625','https://images.pokemontcg.io/mcd22/symbol.png','https://images.pokemontcg.io/mcd22/logo.png','Legal','Legal','Legal');"
swsh11,Lost Origin,Sword & Shield,196,217,LOR,2022-09-09,2022-09-09 13:45,https://images.pokemontcg.io/swsh11/symbol.png,https://images.pokemontcg.io/swsh11/logo.png,Legal,Legal,Legal,,"insert into card_packs (id,name,series,release_date,update_date,symbol,logo,legalities_unlimited,legalities_expanded,legalities_standard) values('swsh11','Lost Origin','Sword & Shield','44813','44813.5729166667','https://images.pokemontcg.io/swsh11/symbol.png','https://images.pokemontcg.io/swsh11/logo.png','Legal','Legal','Legal');"
swsh11tg,Lost Origin Trainer Gallery,Sword & Shield,30,30,LOR,2022-09-09,2022-09-09 13:45,https://images.pokemontcg.io/swsh11tg/symbol.png,https://images.pokemontcg.io/swsh11tg/logo.png,Legal,Legal,Legal,,"insert into card_packs (id,name,series,release_date,update_date,symbol,logo,legalities_unlimited,legalities_expanded,legalities_standard) values('swsh11tg','Lost Origin Trainer Gallery','Sword & Shield','44813','44813.5729166667','https://images.pokemontcg.io/swsh11tg/symbol.png','https://images.pokemontcg.io/swsh11tg/logo.png','Legal','Legal','Legal');"
swsh12,Silver Tempest,Sword & Shield,195,215,SIT,2022-11-11,2022-09-09 11:45,https://images.pokemontcg.io/swsh12/symbol.png,https://images.pokemontcg.io/swsh12/logo.png,Legal,Legal,Legal,,"insert into card_packs (id,name,series,release_date,update_date,symbol,logo,legalities_unlimited,legalities_expanded,legalities_standard) values('swsh12','Silver Tempest','Sword & Shield','44876','44813.4895833333','https://images.pokemontcg.io/swsh12/symbol.png','https://images.pokemontcg.io/swsh12/logo.png','Legal','Legal','Legal');"
swsh12tg,Silver Tempest Trainer Gallery,Sword & Shield,30,30,SIT,2022-11-11,2022-11-11 11:45,https://images.pokemontcg.io/swsh12tg/symbol.png,https://images.pokemontcg.io/swsh12tg/logo.png,Legal,Legal,Legal,,"insert into card_packs (id,name,series,release_date,update_date,symbol,logo,legalities_unlimited,legalities_expanded,legalities_standard) values('swsh12tg','Silver Tempest Trainer Gallery','Sword & Shield','44876','44876.4895833333','https://images.pokemontcg.io/swsh12tg/symbol.png','https://images.pokemontcg.io/swsh12tg/logo.png','Legal','Legal','Legal');"
swsh12pt5,Crown Zenith,Sword & Shield,159,160,CRZ,2023-01-20,2023-01-19 15:45,https://images.pokemontcg.io/swsh12pt5/symbol.png,https://images.pokemontcg.io/swsh12pt5/logo.png,Legal,Legal,Legal,,"insert into card_packs (id,name,series,release_date,update_date,symbol,logo,legalities_unlimited,legalities_expanded,legalities_standard) values('swsh12pt5','Crown Zenith','Sword & Shield','44946','44945.65625','https://images.pokemontcg.io/swsh12pt5/symbol.png','https://images.pokemontcg.io/swsh12pt5/logo.png','Legal','Legal','Legal');"
swsh12pt5gg,Crown Zenith Galarian Gallery,Sword & Shield,70,70,CRZ,2023-01-20,2023-01-19 15:45,https://images.pokemontcg.io/swsh12pt5gg/symbol.png,https://images.pokemontcg.io/swsh12pt5gg/logo.png,Legal,Legal,Legal,,"insert into card_packs (id,name,series,release_date,update_date,symbol,logo,legalities_unlimited,legalities_expanded,legalities_standard) values('swsh12pt5gg','Crown Zenith Galarian Gallery','Sword & Shield','44946','44945.65625','https://images.pokemontcg.io/swsh12pt5gg/symbol.png','https://images.pokemontcg.io/swsh12pt5gg/logo.png','Legal','Legal','Legal');"
svp,Scarlet & Violet Black Star Promos,Scarlet & Violet,45,42,PR-SV,2023-01-01,2023-09-07 23:15,https://images.pokemontcg.io/svp/symbol.png,https://images.pokemontcg.io/svp/logo.png,Legal,Legal,Legal,,"insert into card_packs (id,name,series,release_date,update_date,symbol,logo,legalities_unlimited,legalities_expanded,legalities_standard) values('svp','Scarlet & Violet Black Star Promos','Scarlet & Violet','44927','45176.96875','https://images.pokemontcg.io/svp/symbol.png','https://images.pokemontcg.io/svp/logo.png','Legal','Legal','Legal');"
sve,Scarlet & Violet Energies,Scarlet & Violet,8,8,,2023-03-31,2023-07-20 15:45,https://images.pokemontcg.io/sve/symbol.png,https://images.pokemontcg.io/sve/logo.png,Legal,Legal,Legal,,"insert into card_packs (id,name,series,release_date,update_date,symbol,logo,legalities_unlimited,legalities_expanded,legalities_standard) values('sve','Scarlet & Violet Energies','Scarlet & Violet','45016','45127.65625','https://images.pokemontcg.io/sve/symbol.png','https://images.pokemontcg.io/sve/logo.png','Legal','Legal','Legal');"
sv1,Scarlet & Violet,Scarlet & Violet,198,258,,2023-03-31,2023-03-31 15:45,https://images.pokemontcg.io/sv1/symbol.png,https://images.pokemontcg.io/sv1/logo.png,Legal,Legal,Legal,,"insert into card_packs (id,name,series,release_date,update_date,symbol,logo,legalities_unlimited,legalities_expanded,legalities_standard) values('sv1','Scarlet & Violet','Scarlet & Violet','45016','45016.65625','https://images.pokemontcg.io/sv1/symbol.png','https://images.pokemontcg.io/sv1/logo.png','Legal','Legal','Legal');"
sv2,Paldea Evolved,Scarlet & Violet,193,279,,2023-06-09,2023-06-09 15:00,https://images.pokemontcg.io/sv2/symbol.png,https://images.pokemontcg.io/sv2/logo.png,Legal,Legal,Legal,,"insert into card_packs (id,name,series,release_date,update_date,symbol,logo,legalities_unlimited,legalities_expanded,legalities_standard) values('sv2','Paldea Evolved','Scarlet & Violet','45086','45086.625','https://images.pokemontcg.io/sv2/symbol.png','https://images.pokemontcg.io/sv2/logo.png','Legal','Legal','Legal');"
sv3,Obsidian Flames,Scarlet & Violet,197,230,,2023-08-11,2023-08-11 15:00,https://images.pokemontcg.io/sv3/symbol.png,https://images.pokemontcg.io/sv3/logo.png,Legal,Legal,Legal,,"insert into card_packs (id,name,series,release_date,update_date,symbol,logo,legalities_unlimited,legalities_expanded,legalities_standard) values('sv3','Obsidian Flames','Scarlet & Violet','45149','45149.625','https://images.pokemontcg.io/sv3/symbol.png','https://images.pokemontcg.io/sv3/logo.png','Legal','Legal','Legal');"
sv3pt5,151,Scarlet & Violet,165,207,,2023-09-22,2023-09-22 15:00,https://images.pokemontcg.io/sv3pt5/symbol.png,https://images.pokemontcg.io/sv3pt5/logo.png,Legal,Legal,Legal,,"insert into card_packs (id,name,series,release_date,update_date,symbol,logo,legalities_unlimited,legalities_expanded,legalities_standard) values('sv3pt5','151','Scarlet & Violet','45191','45191.625','https://images.pokemontcg.io/sv3pt5/symbol.png','https://images.pokemontcg.io/sv3pt5/logo.png','Legal','Legal','Legal');"
