id,name,supertype,subtypes,level,hp,types,evolvesFrom,abilities,attacks,weaknesses,retreatCost,convertedRetreatCost,number,artist,rarity,flavorText,nationalPokedexNumbers,legalities,images
base1-1,Alakazam,Pokémon,['Stage 2'],42,80,['Psychic'],Kadabra,"[{'name': 'Damage Swap', 'text': ""As often as you like during your turn (before your attack), you may move 1 damage counter from 1 of your Pokémon to another as long as you don't Knock Out that Pokémon. This power can't be used if Alakazam is Asleep, Confused, or Paralyzed."", 'type': 'Pokémon Power'}]","[{'name': 'Confuse Ray', 'cost': ['Psychic', 'Psychic', 'Psychic'], 'convertedEnergyCost': 3, 'damage': '30', 'text': 'Flip a coin. If heads, the Defending Pokémon is now Confused.'}]","[{'type': 'Psychic', 'value': '×2'}]","['Colorless', 'Colorless', 'Colorless']",3,1,Ken Sugimori,Rare Holo,Its brain can outperform a supercomputer. Its intelligence quotient is said to be 5000.,[65],{'unlimited': 'Legal'},"{'small': 'https://images.pokemontcg.io/base1/1.png', 'large': 'https://images.pokemontcg.io/base1/1_hires.png'}"
base1-2,Blastoise,Pokémon,['Stage 2'],52,100,['Water'],Wartortle,"[{'name': 'Rain Dance', 'text': ""As often as you like during your turn (before your attack), you may attach 1 Water Energy card to 1 of your Water Pokémon. (This doesn't use up your 1 Energy card attachment for the turn.) This power can't be used if Blastoise is Asleep, Confused, or Paralyzed."", 'type': 'Pokémon Power'}]","[{'name': 'Hydro Pump', 'cost': ['Water', 'Water', 'Water'], 'convertedEnergyCost': 3, 'damage': '40+', 'text': ""Does 40 damage plus 10 more damage for each Water Energy attached to Blastoise but not used to pay for this attack's Energy cost. Extra Water Energy after the 2nd doesn't count.""}]","[{'type': 'Lightning', 'value': '×2'}]","['Colorless', 'Colorless', 'Colorless']",3,2,Ken Sugimori,Rare Holo,A brutal Pokémon with pressurized water jets on its shell. They are used for high-speed tackles.,[9],{'unlimited': 'Legal'},"{'small': 'https://images.pokemontcg.io/base1/2.png', 'large': 'https://images.pokemontcg.io/base1/2_hires.png'}"
base1-3,Chansey,Pokémon,['Basic'],55,120,['Colorless'],['Blissey'],"[{'name': 'Scrunch', 'cost': ['Colorless', 'Colorless'], 'convertedEnergyCost': 2, 'damage': '', 'text': ""Flip a coin. If heads, prevent all damage done to Chansey during your opponent's next turn. (Any other effects of attacks still happen.)""}, {'name': 'Double-edge', 'cost': ['Colorless', 'Colorless', 'Colorless', 'Colorless'], 'convertedEnergyCost': 4, 'damage': '80', 'text': 'Chansey does 80 damage to itself.'}]","[{'type': 'Fighting', 'value': '×2'}]","[{'type': 'Psychic', 'value': '-30'}]",['Colorless'],1,3,Ken Sugimori,Rare Holo,A rare and elusive Pokémon that is said to bring happiness to those who manage to catch it.,[113],{'unlimited': 'Legal'},"{'small': 'https://images.pokemontcg.io/base1/3.png', 'large': 'https://images.pokemontcg.io/base1/3_hires.png'}"
base1-4,Charizard,Pokémon,['Stage 2'],76,120,['Fire'],Charmeleon,"[{'name': 'Energy Burn', 'text': ""As often as you like during your turn (before your attack), you may turn all Energy attached to Charizard into Fire Energy for the rest of the turn. This power can't be used if Charizard is Asleep, Confused, or Paralyzed."", 'type': 'Pokémon Power'}]","[{'name': 'Fire Spin', 'cost': ['Fire', 'Fire', 'Fire', 'Fire'], 'convertedEnergyCost': 4, 'damage': '100', 'text': 'Discard 2 Energy cards attached to Charizard in order to use this attack.'}]","[{'type': 'Water', 'value': '×2'}]","[{'type': 'Fighting', 'value': '-30'}]","['Colorless', 'Colorless', 'Colorless']",3,4,Mitsuhiro Arita,Rare Holo,Spits fire that is hot enough to melt boulders. Known to unintentionally cause forest fires.,[6],{'unlimited': 'Legal'},"{'small': 'https://images.pokemontcg.io/base1/4.png', 'large': 'https://images.pokemontcg.io/base1/4_hires.png'}"
base1-5,Clefairy,Pokémon,['Basic'],14,40,['Colorless'],['Clefable'],"[{'name': 'Sing', 'cost': ['Colorless'], 'convertedEnergyCost': 1, 'damage': '', 'text': 'Flip a coin. If heads, the Defending Pokémon is now Asleep.'}, {'name': 'Metronome', 'cost': ['Colorless', 'Colorless', 'Colorless'], 'convertedEnergyCost': 3, 'damage': '', 'text': ""Choose 1 of the Defending Pokémon's attacks. Metronome copies that attack except for its Energy costs and anything else required in order to use that attack, such as discarding Energy cards. (No matter what type the Defending Pokémon is, Clefairy's type is still Colorless.)""}]","[{'type': 'Fighting', 'value': '×2'}]","[{'type': 'Psychic', 'value': '-30'}]",['Colorless'],1,5,Ken Sugimori,Rare Holo,Its magical and cute appeal has many admirers. It is rare and found only in certain areas.,[35],{'unlimited': 'Legal'},"{'small': 'https://images.pokemontcg.io/base1/5.png', 'large': 'https://images.pokemontcg.io/base1/5_hires.png'}"
base1-6,Gyarados,Pokémon,['Stage 1'],41,100,['Water'],Magikarp,"[{'name': 'Dragon Rage', 'cost': ['Water', 'Water', 'Water'], 'convertedEnergyCost': 3, 'damage': '50', 'text': ''}, {'name': 'Bubblebeam', 'cost': ['Water', 'Water', 'Water', 'Water'], 'convertedEnergyCost': 4, 'damage': '40', 'text': 'Flip a coin. If heads, the Defending Pokémon is now Paralyzed.'}]","[{'type': 'Grass', 'value': '×2'}]","[{'type': 'Fighting', 'value': '-30'}]","['Colorless', 'Colorless', 'Colorless']",3,6,Mitsuhiro Arita,Rare Holo,"Rarely seen in the wild. Huge and vicious, it is capable of destroying entire cities in a rage.",[130],{'unlimited': 'Legal'},"{'small': 'https://images.pokemontcg.io/base1/6.png', 'large': 'https://images.pokemontcg.io/base1/6_hires.png'}"
base1-7,Hitmonchan,Pokémon,['Basic'],33,70,['Fighting'],"[{'name': 'Jab', 'cost': ['Fighting'], 'convertedEnergyCost': 1, 'damage': '20', 'text': ''}, {'name': 'Special Punch', 'cost': ['Fighting', 'Fighting', 'Colorless'], 'convertedEnergyCost': 3, 'damage': '40', 'text': ''}]","[{'type': 'Psychic', 'value': '×2'}]","['Colorless', 'Colorless']",2,7,Ken Sugimori,Rare Holo,"While seeming to do nothing, it fires punches in lightning-fast volleys that are impossible to see.",[107],{'unlimited': 'Legal'},"{'small': 'https://images.pokemontcg.io/base1/7.png', 'large': 'https://images.pokemontcg.io/base1/7_hires.png'}"
base1-8,Machamp,Pokémon,['Stage 2'],67,100,['Fighting'],Machoke,"[{'name': 'Strikes Back', 'text': ""Whenever your opponent's attack damages Machamp (even if Machamp is Knocked Out), this power does 10 damage to the attacking Pokémon. (Don't apply Weakness and Resistance.) This power can't be used if Machamp is Asleep, Confused, or Paralyzed when your opponent attacks."", 'type': 'Pokémon Power'}]","[{'name': 'Seismic Toss', 'cost': ['Fighting', 'Fighting', 'Fighting', 'Colorless'], 'convertedEnergyCost': 4, 'damage': '60', 'text': ''}]","[{'type': 'Psychic', 'value': '×2'}]","['Colorless', 'Colorless', 'Colorless']",3,8,Ken Sugimori,Rare Holo,"Using its amazing muscles, it throws powerful punches that can knock its victim clear over the horizon.",[68],{'unlimited': 'Legal'},"{'small': 'https://images.pokemontcg.io/base1/8.png', 'large': 'https://images.pokemontcg.io/base1/8_hires.png'}"
base1-9,Magneton,Pokémon,['Stage 1'],28,60,['Lightning'],Magnemite,['Magnezone'],"[{'name': 'Thunder Wave', 'cost': ['Lightning', 'Lightning', 'Colorless'], 'convertedEnergyCost': 3, 'damage': '30', 'text': 'Flip a coin. If heads, the Defending Pokémon is now Paralyzed.'}, {'name': 'Selfdestruct', 'cost': ['Lightning', 'Lightning', 'Colorless', 'Colorless'], 'convertedEnergyCost': 4, 'damage': '80', 'text': ""Does 20 damage to each Pokémon on each player's Bench. (Don't apply Weakness and Resistance for Benched Pokémon.) Magneton does 80 damage to itself.""}]","[{'type': 'Fighting', 'value': '×2'}]",['Colorless'],1,9,Keiji Kinebuchi,Rare Holo,Formed by several Magnemites linked together. It frequently appears when sunspots flare up.,[82],{'unlimited': 'Legal'},"{'small': 'https://images.pokemontcg.io/base1/9.png', 'large': 'https://images.pokemontcg.io/base1/9_hires.png'}"
base1-10,Mewtwo,Pokémon,['Basic'],53,60,['Psychic'],"[{'name': 'Psychic', 'cost': ['Psychic', 'Colorless'], 'convertedEnergyCost': 2, 'damage': '10+', 'text': 'Does 10 damage plus 10 more damage for each Energy card attached to the Defending Pokémon.'}, {'name': 'Barrier', 'cost': ['Psychic', 'Psychic'], 'convertedEnergyCost': 2, 'damage': '', 'text': ""Discard 1 Psychic Energy card attached to Mewtwo in order to prevent all effects of attacks, including damage, done to Mewtwo during your opponent's next turn.""}]","[{'type': 'Psychic', 'value': '×2'}]","['Colorless', 'Colorless', 'Colorless']",3,10,Ken Sugimori,Rare Holo,A scientist created this Pokémon after years of horrific gene-splicing and DNA engineering experiments.,[150],{'unlimited': 'Legal'},"{'small': 'https://images.pokemontcg.io/base1/10.png', 'large': 'https://images.pokemontcg.io/base1/10_hires.png'}"
base1-11,Nidoking,Pokémon,['Stage 2'],23,90,['Grass'],Nidorino,"[{'name': 'Thrash', 'cost': ['Grass', 'Colorless', 'Colorless'], 'convertedEnergyCost': 3, 'damage': '30+', 'text': 'Flip a coin. If heads, this attack does 30 damage plus 10 more damage; if tails, this attack does 30 damage and Nidoking does 10 damage to itself.'}, {'name': 'Toxic', 'cost': ['Grass', 'Grass', 'Grass'], 'convertedEnergyCost': 3, 'damage': '20', 'text': ""The Defending Pokémon is now Poisoned. It now takes 20 Poison damage instead of 10 after each player's turn (even if it was already Poisoned).""}]","[{'type': 'Psychic', 'value': '×2'}]","['Colorless', 'Colorless', 'Colorless']",3,11,Ken Sugimori,Rare Holo,"Uses its powerful tail in battle to smash, constrict, then break its prey's bones.",[34],{'unlimited': 'Legal'},"{'small': 'https://images.pokemontcg.io/base1/11.png', 'large': 'https://images.pokemontcg.io/base1/11_hires.png'}"
base1-12,Ninetales,Pokémon,['Stage 1'],32,80,['Fire'],Vulpix,"[{'name': 'Lure', 'cost': ['Colorless', 'Colorless'], 'convertedEnergyCost': 2, 'damage': '', 'text': 'If your opponent has any Benched Pokémon, choose 1 of them and switch it with his or her Active Pokémon.'}, {'name': 'Fire Blast', 'cost': ['Fire', 'Fire', 'Fire', 'Fire'], 'convertedEnergyCost': 4, 'damage': '80', 'text': 'Discard 1 Fire Energy card attached to Ninetales in order to use this attack.'}]","[{'type': 'Water', 'value': '×2'}]",['Colorless'],1,12,Ken Sugimori,Rare Holo,"Very smart and very vengeful. Grabbing one of its many tails could result in a 1,000-year curse.",[38],{'unlimited': 'Legal'},"{'small': 'https://images.pokemontcg.io/base1/12.png', 'large': 'https://images.pokemontcg.io/base1/12_hires.png'}"
base1-13,Poliwrath,Pokémon,['Stage 2'],48,90,['Water'],Poliwhirl,"[{'name': 'Water Gun', 'cost': ['Water', 'Water', 'Colorless'], 'convertedEnergyCost': 3, 'damage': '30+', 'text': ""Does 30 damage plus 10 more damage for each Water Energy attached to Poliwrath but not used to pay for this attack's Energy cost. Extra Water Energy after the 2nd doesn't count.""}, {'name': 'Whirlpool', 'cost': ['Water', 'Water', 'Colorless', 'Colorless'], 'convertedEnergyCost': 4, 'damage': '40', 'text': 'If the Defending Pokémon has any Energy cards attached to it, choose 1 of them and discard it.'}]","[{'type': 'Grass', 'value': '×2'}]","['Colorless', 'Colorless', 'Colorless']",3,13,Ken Sugimori,Rare Holo,An adept swimmer at both the front crawl and breaststroke. Easily overtakes the best human swimmers.,[62],{'unlimited': 'Legal'},"{'small': 'https://images.pokemontcg.io/base1/13.png', 'large': 'https://images.pokemontcg.io/base1/13_hires.png'}"
base1-14,Raichu,Pokémon,['Stage 1'],40,80,['Lightning'],Pikachu,"[{'name': 'Agility', 'cost': ['Lightning', 'Colorless', 'Colorless'], 'convertedEnergyCost': 3, 'damage': '20', 'text': ""Flip a coin. If heads, during your opponent's next turn, prevent all effects of attacks, including damage, done to Raichu.""}, {'name': 'Thunder', 'cost': ['Lightning', 'Lightning', 'Lightning', 'Colorless'], 'convertedEnergyCost': 4, 'damage': '60', 'text': 'Flip a coin. If tails, Raichu does 30 damage to itself.'}]","[{'type': 'Fighting', 'value': '×2'}]",['Colorless'],1,14,Ken Sugimori,Rare Holo,Its long tail serves as a ground to protect itself from its own high-voltage power.,[26],{'unlimited': 'Legal'},"{'small': 'https://images.pokemontcg.io/base1/14.png', 'large': 'https://images.pokemontcg.io/base1/14_hires.png'}"
base1-15,Venusaur,Pokémon,['Stage 2'],67,100,['Grass'],Ivysaur,"[{'name': 'Energy Trans', 'text': ""As often as you like during your turn (before your attack), you may take 1 Grass Energy card attached to 1 of your Pokémon and attach it to a different one. This power can't be used if Venusaur is Asleep, Confused, or Paralyzed."", 'type': 'Pokémon Power'}]","[{'name': 'Solarbeam', 'cost': ['Grass', 'Grass', 'Grass', 'Grass'], 'convertedEnergyCost': 4, 'damage': '60', 'text': ''}]","[{'type': 'Fire', 'value': '×2'}]","['Colorless', 'Colorless']",2,15,Mitsuhiro Arita,Rare Holo,This plant blooms when it is absorbing solar energy. It stays on the move to seek sunlight.,[3],{'unlimited': 'Legal'},"{'small': 'https://images.pokemontcg.io/base1/15.png', 'large': 'https://images.pokemontcg.io/base1/15_hires.png'}"
base1-16,Zapdos,Pokémon,['Basic'],64,90,['Lightning'],"[{'name': 'Thunder', 'cost': ['Lightning', 'Lightning', 'Lightning', 'Colorless'], 'convertedEnergyCost': 4, 'damage': '60', 'text': 'Flip a coin. If tails, Zapdos does 30 damage to itself.'}, {'name': 'Thunderbolt', 'cost': ['Lightning', 'Lightning', 'Lightning', 'Lightning'], 'convertedEnergyCost': 4, 'damage': '100', 'text': 'Discard all Energy cards attached to Zapdos in order to use this attack.'}]","[{'type': 'Fighting', 'value': '-30'}]","['Colorless', 'Colorless', 'Colorless']",3,16,Ken Sugimori,Rare Holo,A legendary bird Pokémon said to appear from clouds while wielding enormous lightning bolts.,[145],{'unlimited': 'Legal'},"{'small': 'https://images.pokemontcg.io/base1/16.png', 'large': 'https://images.pokemontcg.io/base1/16_hires.png'}"
base1-17,Beedrill,Pokémon,['Stage 2'],32,80,['Grass'],Kakuna,"[{'name': 'Twineedle', 'cost': ['Colorless', 'Colorless', 'Colorless'], 'convertedEnergyCost': 3, 'damage': '30×', 'text': 'Flip 2 coins. This attack does 30 damage times the number of heads.'}, {'name': 'Poison Sting', 'cost': ['Grass', 'Grass', 'Grass'], 'convertedEnergyCost': 3, 'damage': '40', 'text': 'Flip a coin. If heads, the Defending Pokémon is now Poisoned.'}]","[{'type': 'Fire', 'value': '×2'}]","[{'type': 'Fighting', 'value': '-30'}]",17,Ken Sugimori,Rare,"Flies at high speed and attacks using the large, venomous stingers on its forelegs and tail.",[15],{'unlimited': 'Legal'},"{'small': 'https://images.pokemontcg.io/base1/17.png', 'large': 'https://images.pokemontcg.io/base1/17_hires.png'}"
base1-18,Dragonair,Pokémon,['Stage 1'],33,80,['Colorless'],Dratini,['Dragonite'],"[{'name': 'Slam', 'cost': ['Colorless', 'Colorless', 'Colorless'], 'convertedEnergyCost': 3, 'damage': '30×', 'text': 'Flip 2 coins. This attack does 30 damage times the number of heads.'}, {'name': 'Hyper Beam', 'cost': ['Colorless', 'Colorless', 'Colorless', 'Colorless'], 'convertedEnergyCost': 4, 'damage': '20', 'text': 'If the Defending Pokémon has any Energy cards attached to it, choose 1 of them and discard it.'}]","[{'type': 'Psychic', 'value': '-30'}]","['Colorless', 'Colorless']",2,18,Mitsuhiro Arita,Rare,A mystical Pokémon that exudes a gentle aura. Has the ability to change climate conditions.,[148],{'unlimited': 'Legal'},"{'small': 'https://images.pokemontcg.io/base1/18.png', 'large': 'https://images.pokemontcg.io/base1/18_hires.png'}"
base1-19,Dugtrio,Pokémon,['Stage 1'],36,70,['Fighting'],Diglett,"[{'name': 'Slash', 'cost': ['Fighting', 'Fighting', 'Colorless'], 'convertedEnergyCost': 3, 'damage': '40', 'text': ''}, {'name': 'Earthquake', 'cost': ['Fighting', 'Fighting', 'Fighting', 'Fighting'], 'convertedEnergyCost': 4, 'damage': '70', 'text': ""Does 10 damage to each of your own Benched Pokémon. (Don't apply Weakness and Resistance for Benched Pokémon.)""}]","[{'type': 'Grass', 'value': '×2'}]","[{'type': 'Lightning', 'value': '-30'}]","['Colorless', 'Colorless']",2,19,Keiji Kinebuchi,Rare,A team of Diglett triplets. It triggers huge earthquakes by burrowing 60 miles underground.,[51],{'unlimited': 'Legal'},"{'small': 'https://images.pokemontcg.io/base1/19.png', 'large': 'https://images.pokemontcg.io/base1/19_hires.png'}"
base1-20,Electabuzz,Pokémon,['Basic'],35,70,['Lightning'],['Electivire'],"[{'name': 'Thundershock', 'cost': ['Lightning'], 'convertedEnergyCost': 1, 'damage': '10', 'text': 'Flip a coin. If heads, the Defending Pokémon is now Paralyzed.'}, {'name': 'Thunderpunch', 'cost': ['Lightning', 'Colorless'], 'convertedEnergyCost': 2, 'damage': '30+', 'text': 'Flip a coin. If heads, this attack does 30 damage plus 10 more damage; if tails, this attack does 30 damage plus Electabuzz does 10 damage to itself.'}]","[{'type': 'Fighting', 'value': '×2'}]","['Colorless', 'Colorless']",2,20,Ken Sugimori,Rare,"Normally found near power plants, it can wander away and cause major blackouts in cities.",[125],{'unlimited': 'Legal'},"{'small': 'https://images.pokemontcg.io/base1/20.png', 'large': 'https://images.pokemontcg.io/base1/20_hires.png'}"
base1-21,Electrode,Pokémon,['Stage 1'],40,80,['Lightning'],Voltorb,"[{'name': 'Buzzap', 'text': ""At any time during your turn (before your attack), you may Knock Out Electrode and attach it to 1 of your other Pokémon. If you do, choose a type of Energy. Electrode is now an Energy card (instead of a Pokémon) that provides 2 energy of that type. You can't use this power if Electrode is Asleep, Confused, or Paralyzed."", 'type': 'Pokémon Power'}]","[{'name': 'Electric Shock', 'cost': ['Lightning', 'Lightning', 'Lightning'], 'convertedEnergyCost': 3, 'damage': '50', 'text': 'Flip a coin. If tails, Electrode does 10 damage to itself.'}]","[{'type': 'Fighting', 'value': '×2'}]",['Colorless'],1,21,Keiji Kinebuchi,Rare,It stores electrical energy under very high pressure. It often explodes with little or no provocation.,[101],{'unlimited': 'Legal'},"{'small': 'https://images.pokemontcg.io/base1/21.png', 'large': 'https://images.pokemontcg.io/base1/21_hires.png'}"
base1-22,Pidgeotto,Pokémon,['Stage 1'],36,60,['Colorless'],Pidgey,['Pidgeot'],"[{'name': 'Whirlwind', 'cost': ['Colorless', 'Colorless'], 'convertedEnergyCost': 2, 'damage': '20', 'text': 'If your opponent has any Benched Pokémon, he or she chooses 1 of them and switches it with the Defending Pokémon. (Do the damage before switching the Pokémon.)'}, {'name': 'Mirror Move', 'cost': ['Colorless', 'Colorless', 'Colorless'], 'convertedEnergyCost': 3, 'damage': '', 'text': 'If Pidgeotto was attacked last turn, do the final result of that attack on Pidgeotto to the Defending Pokémon.'}]","[{'type': 'Lightning', 'value': '×2'}]","[{'type': 'Fighting', 'value': '-30'}]",['Colorless'],1,22,Ken Sugimori,Rare,"Very protective of its sprawling territory, this Pokémon will fiercely peck at any intruder.",[17],{'unlimited': 'Legal'},"{'small': 'https://images.pokemontcg.io/base1/22.png', 'large': 'https://images.pokemontcg.io/base1/22_hires.png'}"
base1-23,Arcanine,Pokémon,['Stage 1'],45,100,['Fire'],Growlithe,"[{'name': 'Flamethrower', 'cost': ['Fire', 'Fire', 'Colorless'], 'convertedEnergyCost': 3, 'damage': '50', 'text': 'Discard 1 Fire Energy card attached to Arcanine in order to use this attack.'}, {'name': 'Take Down', 'cost': ['Fire', 'Fire', 'Colorless', 'Colorless'], 'convertedEnergyCost': 4, 'damage': '80', 'text': 'Arcanine does 30 damage to itself.'}]","[{'type': 'Water', 'value': '×2'}]","['Colorless', 'Colorless', 'Colorless']",3,23,Ken Sugimori,Uncommon,"A Pokémon that has been long admired for its beauty. It runs gracefully, as if on wings.",[59],{'unlimited': 'Legal'},"{'small': 'https://images.pokemontcg.io/base1/23.png', 'large': 'https://images.pokemontcg.io/base1/23_hires.png'}"
base1-24,Charmeleon,Pokémon,['Stage 1'],32,80,['Fire'],Charmander,['Charizard'],"[{'name': 'Slash', 'cost': ['Colorless', 'Colorless', 'Colorless'], 'convertedEnergyCost': 3, 'damage': '30', 'text': ''}, {'name': 'Flamethrower', 'cost': ['Fire', 'Fire', 'Colorless'], 'convertedEnergyCost': 3, 'damage': '50', 'text': 'Discard 1 Fire Energy card attached to Charmeleon in order to use this attack.'}]","[{'type': 'Water', 'value': '×2'}]",['Colorless'],1,24,Mitsuhiro Arita,Uncommon,"When it swings its burning tail, it raises the temperature to unbearably high levels.",[5],{'unlimited': 'Legal'},"{'small': 'https://images.pokemontcg.io/base1/24.png', 'large': 'https://images.pokemontcg.io/base1/24_hires.png'}"
base1-25,Dewgong,Pokémon,['Stage 1'],42,80,['Water'],Seel,"[{'name': 'Aurora Beam', 'cost': ['Water', 'Water', 'Colorless'], 'convertedEnergyCost': 3, 'damage': '50', 'text': ''}, {'name': 'Ice Beam', 'cost': ['Water', 'Water', 'Colorless', 'Colorless'], 'convertedEnergyCost': 4, 'damage': '30', 'text': 'Flip a coin. If heads, the Defending Pokémon is now Paralyzed.'}]","[{'type': 'Lightning', 'value': '×2'}]","['Colorless', 'Colorless', 'Colorless']",3,25,Mitsuhiro Arita,Uncommon,Stores thermal energy in its body. Swims at a steady 8 knots even in intensely cold waters.,[87],{'unlimited': 'Legal'},"{'small': 'https://images.pokemontcg.io/base1/25.png', 'large': 'https://images.pokemontcg.io/base1/25_hires.png'}"
base1-26,Dratini,Pokémon,['Basic'],10,40,['Colorless'],['Dragonair'],"[{'name': 'Pound', 'cost': ['Colorless'], 'convertedEnergyCost': 1, 'damage': '10', 'text': ''}]","[{'type': 'Psychic', 'value': '-30'}]",['Colorless'],1,26,Ken Sugimori,Uncommon,"Long considered a mythical Pokémon until recently, when a small colony was found living underwater.",[147],{'unlimited': 'Legal'},"{'small': 'https://images.pokemontcg.io/base1/26.png', 'large': 'https://images.pokemontcg.io/base1/26_hires.png'}"
base1-27,Farfetch'd,Pokémon,['Basic'],20,50,['Colorless'],"[""Sirfetch'd""]","[{'name': 'Leek Slap', 'cost': ['Colorless'], 'convertedEnergyCost': 1, 'damage': '30', 'text': ""Flip a coin. If tails, this attack does nothing. Either way, you can't use this attack again as long as Farfetch'd stays in play (even putting Farfetch'd on the Bench won't let you use it again).""}, {'name': 'Pot Smash', 'cost': ['Colorless', 'Colorless', 'Colorless'], 'convertedEnergyCost': 3, 'damage': '30', 'text': ''}]","[{'type': 'Lightning', 'value': '×2'}]","[{'type': 'Fighting', 'value': '-30'}]",['Colorless'],1,27,Ken Sugimori,Uncommon,The sprig of green onions it holds is its weapon. This sprig is used much like a metal sword.,[83],{'unlimited': 'Legal'},"{'small': 'https://images.pokemontcg.io/base1/27.png', 'large': 'https://images.pokemontcg.io/base1/27_hires.png'}"
base1-28,Growlithe,Pokémon,['Basic'],18,60,['Fire'],['Arcanine'],"[{'name': 'Flare', 'cost': ['Fire', 'Colorless'], 'convertedEnergyCost': 2, 'damage': '20', 'text': ''}]","[{'type': 'Water', 'value': '×2'}]",['Colorless'],1,28,Ken Sugimori,Uncommon,Very protective of its territory. It will bark and bite to repel intruders from its space.,[58],{'unlimited': 'Legal'},"{'small': 'https://images.pokemontcg.io/base1/28.png', 'large': 'https://images.pokemontcg.io/base1/28_hires.png'}"
base1-29,Haunter,Pokémon,['Stage 1'],22,60,['Psychic'],Gastly,['Gengar'],"[{'name': 'Hypnosis', 'cost': ['Psychic'], 'convertedEnergyCost': 1, 'damage': '', 'text': 'The Defending Pokémon is now Asleep.'}, {'name': 'Dream Eater', 'cost': ['Psychic', 'Psychic'], 'convertedEnergyCost': 2, 'damage': '50', 'text': ""You can't use this attack unless the Defending Pokémon is Asleep.""}]","[{'type': 'Fighting', 'value': '-30'}]",['Colorless'],1,29,Keiji Kinebuchi,Uncommon,"Because of its ability to slip through block walls, it is said to be from another dimension.",[93],{'unlimited': 'Legal'},"{'small': 'https://images.pokemontcg.io/base1/29.png', 'large': 'https://images.pokemontcg.io/base1/29_hires.png'}"
base1-30,Ivysaur,Pokémon,['Stage 1'],20,60,['Grass'],Bulbasaur,['Venusaur'],"[{'name': 'Vine Whip', 'cost': ['Grass', 'Colorless', 'Colorless'], 'convertedEnergyCost': 3, 'damage': '30', 'text': ''}, {'name': 'Poisonpowder', 'cost': ['Grass', 'Grass', 'Grass'], 'convertedEnergyCost': 3, 'damage': '20', 'text': 'The Defending Pokémon is now Poisoned.'}]","[{'type': 'Fire', 'value': '×2'}]",['Colorless'],1,30,Ken Sugimori,Uncommon,"When the bulb on its back grows large, the Pokémon seems to lose the ability to stand on its hind legs.",[2],{'unlimited': 'Legal'},"{'small': 'https://images.pokemontcg.io/base1/30.png', 'large': 'https://images.pokemontcg.io/base1/30_hires.png'}"
base1-31,Jynx,Pokémon,['Basic'],23,70,['Psychic'],"[{'name': 'Doubleslap', 'cost': ['Psychic'], 'convertedEnergyCost': 1, 'damage': '10×', 'text': 'Flip 2 coins. This attack does 10 damage times the number of heads.'}, {'name': 'Meditate', 'cost': ['Psychic', 'Psychic', 'Colorless'], 'convertedEnergyCost': 3, 'damage': '20+', 'text': 'Does 20 damage plus 10 more damage for each damage counter on the Defending Pokémon.'}]","[{'type': 'Psychic', 'value': '×2'}]","['Colorless', 'Colorless']",2,31,Ken Sugimori,Uncommon,"Merely by meditating, the Pokémon launches a powerful psychic energy attack.",[124],{'unlimited': 'Legal'},"{'small': 'https://images.pokemontcg.io/base1/31.png', 'large': 'https://images.pokemontcg.io/base1/31_hires.png'}"
base1-32,Kadabra,Pokémon,['Stage 1'],38,60,['Psychic'],Abra,['Alakazam'],"[{'name': 'Recover', 'cost': ['Psychic', 'Psychic'], 'convertedEnergyCost': 2, 'damage': '', 'text': 'Discard 1 Psychic Energy card attached to Kadabra in order to use this attack. Remove all damage counters from Kadabra.'}, {'name': 'Super Psy', 'cost': ['Psychic', 'Psychic', 'Colorless'], 'convertedEnergyCost': 3, 'damage': '50', 'text': ''}]","[{'type': 'Psychic', 'value': '×2'}]","['Colorless', 'Colorless', 'Colorless']",3,32,Ken Sugimori,Uncommon,It emits special alpha waves from its body that induce headaches even to those just nearby.,[64],{'unlimited': 'Legal'},"{'small': 'https://images.pokemontcg.io/base1/32.png', 'large': 'https://images.pokemontcg.io/base1/32_hires.png'}"
base1-33,Kakuna,Pokémon,['Stage 1'],23,80,['Grass'],Weedle,['Beedrill'],"[{'name': 'Stiffen', 'cost': ['Colorless', 'Colorless'], 'convertedEnergyCost': 2, 'damage': '', 'text': ""Flip a coin. If heads, prevent all damage done to Kakuna during your opponent's next turn. (Any other effects of attacks still happen.)""}, {'name': 'Poisonpowder', 'cost': ['Grass', 'Grass'], 'convertedEnergyCost': 2, 'damage': '20', 'text': 'Flip a coin. If heads, the Defending Pokémon is now Poisoned.'}]","[{'type': 'Fire', 'value': '×2'}]","['Colorless', 'Colorless']",2,33,Keiji Kinebuchi,Uncommon,"Almost incapable of moving, this Pokémon can only harden its shell to protect itself from predators.",[14],{'unlimited': 'Legal'},"{'small': 'https://images.pokemontcg.io/base1/33.png', 'large': 'https://images.pokemontcg.io/base1/33_hires.png'}"
base1-34,Machoke,Pokémon,['Stage 1'],40,80,['Fighting'],Machop,['Machamp'],"[{'name': 'Karate Chop', 'cost': ['Fighting', 'Fighting', 'Colorless'], 'convertedEnergyCost': 3, 'damage': '50-', 'text': 'Does 50 damage minus 10 damage for each damage counter on Machoke.'}, {'name': 'Submission', 'cost': ['Fighting', 'Fighting', 'Colorless', 'Colorless'], 'convertedEnergyCost': 4, 'damage': '60', 'text': 'Machoke does 20 damage to itself.'}]","[{'type': 'Psychic', 'value': '×2'}]","['Colorless', 'Colorless', 'Colorless']",3,34,Ken Sugimori,Uncommon,Its muscular body is so powerful that it must wear a power-save belt to help regulate its motions.,[67],{'unlimited': 'Legal'},"{'small': 'https://images.pokemontcg.io/base1/34.png', 'large': 'https://images.pokemontcg.io/base1/34_hires.png'}"
base1-35,Magikarp,Pokémon,['Basic'],8,30,['Water'],['Gyarados'],"[{'name': 'Tackle', 'cost': ['Colorless'], 'convertedEnergyCost': 1, 'damage': '10', 'text': ''}, {'name': 'Flail', 'cost': ['Water'], 'convertedEnergyCost': 1, 'damage': '10×', 'text': 'Does 10 damage times the number of damage counters on Magikarp.'}]","[{'type': 'Lightning', 'value': '×2'}]",['Colorless'],1,35,Mitsuhiro Arita,Uncommon,"In the distant past, it was stronger than its horribly weak descendants that exist today.",[129],{'unlimited': 'Legal'},"{'small': 'https://images.pokemontcg.io/base1/35.png', 'large': 'https://images.pokemontcg.io/base1/35_hires.png'}"
base1-36,Magmar,Pokémon,['Basic'],24,50,['Fire'],['Magmortar'],"[{'name': 'Fire Punch', 'cost': ['Fire', 'Fire'], 'convertedEnergyCost': 2, 'damage': '30', 'text': ''}, {'name': 'Flamethrower', 'cost': ['Fire', 'Fire', 'Colorless'], 'convertedEnergyCost': 3, 'damage': '50', 'text': 'Discard 1 Fire Energy card attached to Magmar in order to use this attack.'}]","[{'type': 'Water', 'value': '×2'}]","['Colorless', 'Colorless']",2,36,Ken Sugimori,Uncommon,Its body always burns with an orange glow that enables it to hide perfectly among flames.,[126],{'unlimited': 'Legal'},"{'small': 'https://images.pokemontcg.io/base1/36.png', 'large': 'https://images.pokemontcg.io/base1/36_hires.png'}"
base1-37,Nidorino,Pokémon,['Stage 1'],25,60,['Grass'],Nidoran ♂,['Nidoking'],"[{'name': 'Double Kick', 'cost': ['Grass', 'Colorless', 'Colorless'], 'convertedEnergyCost': 3, 'damage': '30×', 'text': 'Flip 2 coins. This attack does 30 damage times the number of heads.'}, {'name': 'Horn Drill', 'cost': ['Grass', 'Grass', 'Colorless', 'Colorless'], 'convertedEnergyCost': 4, 'damage': '50', 'text': ''}]","[{'type': 'Psychic', 'value': '×2'}]",['Colorless'],1,37,Mitsuhiro Arita,Uncommon,An aggressive Pokémon that is quick to attack. The horn on its head secretes a powerful venom.,[33],{'unlimited': 'Legal'},"{'small': 'https://images.pokemontcg.io/base1/37.png', 'large': 'https://images.pokemontcg.io/base1/37_hires.png'}"
base1-38,Poliwhirl,Pokémon,['Stage 1'],28,60,['Water'],Poliwag,"['Poliwrath', 'Politoed']","[{'name': 'Amnesia', 'cost': ['Water', 'Water'], 'convertedEnergyCost': 2, 'damage': '', 'text': ""Choose 1 of the Defending Pokémon's attacks. That Pokémon can't use that attack during your opponent's next turn.""}, {'name': 'Doubleslap', 'cost': ['Water', 'Water', 'Colorless'], 'convertedEnergyCost': 3, 'damage': '30×', 'text': 'Flip 2 coins. This attack does 30 damage times the number of heads.'}]","[{'type': 'Grass', 'value': '×2'}]",['Colorless'],1,38,Ken Sugimori,Uncommon,"Capable of living in or out of water. When out of water, it sweats to keep its body slimy.",[61],{'unlimited': 'Legal'},"{'small': 'https://images.pokemontcg.io/base1/38.png', 'large': 'https://images.pokemontcg.io/base1/38_hires.png'}"
base1-39,Porygon,Pokémon,['Basic'],12,30,['Colorless'],['Porygon2'],"[{'name': 'Conversion 1', 'cost': ['Colorless'], 'convertedEnergyCost': 1, 'damage': '', 'text': 'If the Defending Pokémon has a Weakness, you may change it to a type of your choice other than Colorless.'}, {'name': 'Conversion 2', 'cost': ['Colorless', 'Colorless'], 'convertedEnergyCost': 2, 'damage': '', 'text': ""Change Porygon's Resistance to a type of your choice other than Colorless.""}]","[{'type': 'Fighting', 'value': '×2'}]","[{'type': 'Psychic', 'value': '-30'}]",['Colorless'],1,39,Tomoaki Imakuni,Uncommon,A Pokémon that consists entirely of programming code. Capable of moving freely in cyberspace.,[137],{'unlimited': 'Legal'},"{'small': 'https://images.pokemontcg.io/base1/39.png', 'large': 'https://images.pokemontcg.io/base1/39_hires.png'}"
base1-40,Raticate,Pokémon,['Stage 1'],41,60,['Colorless'],Rattata,"[{'name': 'Bite', 'cost': ['Colorless'], 'convertedEnergyCost': 1, 'damage': '20', 'text': ''}, {'name': 'Super Fang', 'cost': ['Colorless', 'Colorless', 'Colorless'], 'convertedEnergyCost': 3, 'damage': '', 'text': ""Does damage to the Defending Pokémon equal to half the Defending Pokémon's remaining HP (rounded up to the nearest 10).""}]","[{'type': 'Fighting', 'value': '×2'}]","[{'type': 'Psychic', 'value': '-30'}]",['Colorless'],1,40,Ken Sugimori,Uncommon,It uses its whiskers to maintain its balance. It seems to slow down if they are cut off.,[20],{'unlimited': 'Legal'},"{'small': 'https://images.pokemontcg.io/base1/40.png', 'large': 'https://images.pokemontcg.io/base1/40_hires.png'}"
base1-41,Seel,Pokémon,['Basic'],12,60,['Water'],['Dewgong'],"[{'name': 'Headbutt', 'cost': ['Water'], 'convertedEnergyCost': 1, 'damage': '10', 'text': ''}]","[{'type': 'Lightning', 'value': '×2'}]",['Colorless'],1,41,Ken Sugimori,Uncommon,The protruding horn on its head is very hard. This horn is used for bashing through thick ice.,[86],{'unlimited': 'Legal'},"{'small': 'https://images.pokemontcg.io/base1/41.png', 'large': 'https://images.pokemontcg.io/base1/41_hires.png'}"
base1-42,Wartortle,Pokémon,['Stage 1'],22,70,['Water'],Squirtle,['Blastoise'],"[{'name': 'Withdraw', 'cost': ['Water', 'Colorless'], 'convertedEnergyCost': 2, 'damage': '', 'text': ""Flip a coin. If heads, prevent all damage done to Wartortle during your opponent's next turn. (Any other effects of attacks still happen.)""}, {'name': 'Bite', 'cost': ['Water', 'Colorless', 'Colorless'], 'convertedEnergyCost': 3, 'damage': '40', 'text': ''}]","[{'type': 'Lightning', 'value': '×2'}]",['Colorless'],1,42,Ken Sugimori,Uncommon,"Often hides in water to stalk unweary prey. When swimming quickly, it moves its ears to maintain balance.",[8],{'unlimited': 'Legal'},"{'small': 'https://images.pokemontcg.io/base1/42.png', 'large': 'https://images.pokemontcg.io/base1/42_hires.png'}"
base1-43,Abra,Pokémon,['Basic'],10,30,['Psychic'],['Kadabra'],"[{'name': 'Psyshock', 'cost': ['Psychic'], 'convertedEnergyCost': 1, 'damage': '10', 'text': 'Flip a coin. If heads, the Defending Pokémon is now Paralyzed.'}]","[{'type': 'Psychic', 'value': '×2'}]",43,Mitsuhiro Arita,Common,"Using its ability to read minds, it will identify impending danger and teleport to safety.",[63],{'unlimited': 'Legal'},"{'small': 'https://images.pokemontcg.io/base1/43.png', 'large': 'https://images.pokemontcg.io/base1/43_hires.png'}"
base1-44,Bulbasaur,Pokémon,['Basic'],13,40,['Grass'],['Ivysaur'],"[{'name': 'Leech Seed', 'cost': ['Grass', 'Grass'], 'convertedEnergyCost': 2, 'damage': '20', 'text': 'Unless all damage from this attack is prevented, you may remove 1 damage counter from Bulbasaur.'}]","[{'type': 'Fire', 'value': '×2'}]",['Colorless'],1,44,Mitsuhiro Arita,Common,"A strange seed was planted on its back at birth. Thus, a plant sprouted and now grows with this Pokémon.",[1],{'unlimited': 'Legal'},"{'small': 'https://images.pokemontcg.io/base1/44.png', 'large': 'https://images.pokemontcg.io/base1/44_hires.png'}"
base1-45,Caterpie,Pokémon,['Basic'],13,40,['Grass'],['Metapod'],"[{'name': 'String Shot', 'cost': ['Grass'], 'convertedEnergyCost': 1, 'damage': '10', 'text': 'Flip a coin. If heads, the Defending Pokémon is now Paralyzed.'}]","[{'type': 'Fire', 'value': '×2'}]",['Colorless'],1,45,Ken Sugimori,Common,Its short feet are tipped with suction pads that enable it to tirelessly climb slopes and walls.,[10],"{'unlimited': 'Legal', 'expanded': 'Legal'}","{'small': 'https://images.pokemontcg.io/base1/45.png', 'large': 'https://images.pokemontcg.io/base1/45_hires.png'}"
base1-46,Charmander,Pokémon,['Basic'],10,50,['Fire'],['Charmeleon'],"[{'name': 'Scratch', 'cost': ['Colorless'], 'convertedEnergyCost': 1, 'damage': '10', 'text': ''}, {'name': 'Ember', 'cost': ['Fire', 'Colorless'], 'convertedEnergyCost': 2, 'damage': '30', 'text': 'Discard 1 Fire Energy card attached to Charmander in order to use this attack.'}]","[{'type': 'Water', 'value': '×2'}]",['Colorless'],1,46,Mitsuhiro Arita,Common,"Obviously prefers hot places. If it gets caught in the rain, steam is said to spout from the tip of its tail.",[4],{'unlimited': 'Legal'},"{'small': 'https://images.pokemontcg.io/base1/46.png', 'large': 'https://images.pokemontcg.io/base1/46_hires.png'}"
base1-47,Diglett,Pokémon,['Basic'],8,30,['Fighting'],['Dugtrio'],"[{'name': 'Dig', 'cost': ['Fighting'], 'convertedEnergyCost': 1, 'damage': '10', 'text': ''}, {'name': 'Mud Slap', 'cost': ['Fighting', 'Fighting'], 'convertedEnergyCost': 2, 'damage': '30', 'text': ''}]","[{'type': 'Grass', 'value': '×2'}]","[{'type': 'Lightning', 'value': '-30'}]",47,Keiji Kinebuchi,Common,"Lives about three feet underground, where it feeds on plant roots. It sometimes appears above ground.",[50],{'unlimited': 'Legal'},"{'small': 'https://images.pokemontcg.io/base1/47.png', 'large': 'https://images.pokemontcg.io/base1/47_hires.png'}"
base1-48,Doduo,Pokémon,['Basic'],10,50,['Colorless'],['Dodrio'],"[{'name': 'Fury Attack', 'cost': ['Colorless'], 'convertedEnergyCost': 1, 'damage': '10×', 'text': 'Flip 2 coins. This attack does 10 damage times the number of heads.'}]","[{'type': 'Lightning', 'value': '×2'}]","[{'type': 'Fighting', 'value': '-30'}]",48,Mitsuhiro Arita,Common,A bird that makes up for its poor flying with its fast foot speed. Leaves giant footprints.,[84],{'unlimited': 'Legal'},"{'small': 'https://images.pokemontcg.io/base1/48.png', 'large': 'https://images.pokemontcg.io/base1/48_hires.png'}"
base1-49,Drowzee,Pokémon,['Basic'],10,50,['Psychic'],['Hypno'],"[{'name': 'Pound', 'cost': ['Colorless'], 'convertedEnergyCost': 1, 'damage': '10', 'text': ''}, {'name': 'Confuse Ray', 'cost': ['Psychic', 'Psychic'], 'convertedEnergyCost': 2, 'damage': '10', 'text': 'Flip a coin. If heads, the Defending Pokémon is now Confused.'}]","[{'type': 'Psychic', 'value': '×2'}]",['Colorless'],1,49,Ken Sugimori,Common,"Puts enemies to sleep, then eats their dreams. Occasionally gets sick from eating bad dreams.",[96],{'unlimited': 'Legal'},"{'small': 'https://images.pokemontcg.io/base1/49.png', 'large': 'https://images.pokemontcg.io/base1/49_hires.png'}"
base1-50,Gastly,Pokémon,['Basic'],8,30,['Psychic'],['Haunter'],"[{'name': 'Sleeping Gas', 'cost': ['Psychic'], 'convertedEnergyCost': 1, 'damage': '', 'text': 'Flip a coin. If heads, the Defending Pokémon is now Asleep.'}, {'name': 'Destiny Bond', 'cost': ['Psychic', 'Colorless'], 'convertedEnergyCost': 2, 'damage': '', 'text': ""Discard 1 Psychic Energy card attached to Gastly in order to use this attack. If a Pokémon Knocks Out Gastly during your opponent's next turn, Knock Out that Pokémon.""}]","[{'type': 'Fighting', 'value': '-30'}]",50,Keiji Kinebuchi,Common,"Almost invisible, this gaseous Pokémon cloaks the target and puts it to sleep without notice.",[92],{'unlimited': 'Legal'},"{'small': 'https://images.pokemontcg.io/base1/50.png', 'large': 'https://images.pokemontcg.io/base1/50_hires.png'}"
base1-51,Koffing,Pokémon,['Basic'],13,50,['Grass'],['Weezing'],"[{'name': 'Foul Gas', 'cost': ['Grass', 'Grass'], 'convertedEnergyCost': 2, 'damage': '10', 'text': 'Flip a coin. If heads, the Defending Pokémon is now Poisoned; if tails, it is now Confused.'}]","[{'type': 'Psychic', 'value': '×2'}]",['Colorless'],1,51,Mitsuhiro Arita,Common,"Because it stores several kinds of toxic gases in its body, it is prone to exploding without warning.",[109],{'unlimited': 'Legal'},"{'small': 'https://images.pokemontcg.io/base1/51.png', 'large': 'https://images.pokemontcg.io/base1/51_hires.png'}"
base1-52,Machop,Pokémon,['Basic'],20,50,['Fighting'],['Machoke'],"[{'name': 'Low Kick', 'cost': ['Fighting'], 'convertedEnergyCost': 1, 'damage': '20', 'text': ''}]","[{'type': 'Psychic', 'value': '×2'}]",['Colorless'],1,52,Mitsuhiro Arita,Common,Loves to build its muscles. It trains in all styles of martial arts to become even stronger.,[66],{'unlimited': 'Legal'},"{'small': 'https://images.pokemontcg.io/base1/52.png', 'large': 'https://images.pokemontcg.io/base1/52_hires.png'}"
base1-53,Magnemite,Pokémon,['Basic'],13,40,['Lightning'],['Magneton'],"[{'name': 'Thunder Wave', 'cost': ['Lightning'], 'convertedEnergyCost': 1, 'damage': '10', 'text': 'Flip a coin. If heads, the Defending Pokémon is now Paralyzed.'}, {'name': 'Selfdestruct', 'cost': ['Lightning', 'Colorless'], 'convertedEnergyCost': 2, 'damage': '40', 'text': ""Does 10 damage to each Pokémon on each player's Bench. (Don't apply Weakness and Resistance for Benched Pokémon.) Magnemite does 40 damage to itself.""}]","[{'type': 'Fighting', 'value': '×2'}]",['Colorless'],1,53,Keiji Kinebuchi,Common,Uses anti-gravity to stay suspended. Appears without warning and uses attacks like Thunder Wave.,[81],{'unlimited': 'Legal'},"{'small': 'https://images.pokemontcg.io/base1/53.png', 'large': 'https://images.pokemontcg.io/base1/53_hires.png'}"
base1-54,Metapod,Pokémon,['Stage 1'],21,70,['Grass'],Caterpie,['Butterfree'],"[{'name': 'Stiffen', 'cost': ['Colorless', 'Colorless'], 'convertedEnergyCost': 2, 'damage': '', 'text': ""Flip a coin. If heads, prevent all damage done to Metapod during your opponent's next turn. (Any other effects of attacks still happen.)""}, {'name': 'Stun Spore', 'cost': ['Grass', 'Grass'], 'convertedEnergyCost': 2, 'damage': '20', 'text': 'Flip a coin. If heads, the Defending Pokémon is now Paralyzed.'}]","[{'type': 'Fire', 'value': '×2'}]","['Colorless', 'Colorless']",2,54,Ken Sugimori,Common,"It is vulnerable to attack because its shell is soft, exposing its weak and tender body.",[11],{'unlimited': 'Legal'},"{'small': 'https://images.pokemontcg.io/base1/54.png', 'large': 'https://images.pokemontcg.io/base1/54_hires.png'}"
base1-55,Nidoran ♂,Pokémon,['Basic'],20,40,['Grass'],['Nidorino'],"[{'name': 'Horn Hazard', 'cost': ['Grass'], 'convertedEnergyCost': 1, 'damage': '30', 'text': 'Flip a coin. If tails, this attack does nothing.'}]","[{'type': 'Psychic', 'value': '×2'}]",['Colorless'],1,55,Ken Sugimori,Common,"Stiffens its ears to sense danger. The larger, more powerful of its horns secretes venom.",[32],{'unlimited': 'Legal'},"{'small': 'https://images.pokemontcg.io/base1/55.png', 'large': 'https://images.pokemontcg.io/base1/55_hires.png'}"
base1-56,Onix,Pokémon,['Basic'],12,90,['Fighting'],['Steelix'],"[{'name': 'Rock Throw', 'cost': ['Fighting'], 'convertedEnergyCost': 1, 'damage': '10', 'text': ''}, {'name': 'Harden', 'cost': ['Fighting', 'Fighting'], 'convertedEnergyCost': 2, 'damage': '', 'text': ""During your opponent's next turn, whenever 30 or less damage is done to Onix (after applying Weakness and Resistance), prevent that damage. (Any other effects of attacks still happen.)""}]","[{'type': 'Grass', 'value': '×2'}]","['Colorless', 'Colorless', 'Colorless']",3,56,Ken Sugimori,Common,"As it grows, the stone portions of its body harden to become similar to a diamond, though colored black.",[95],{'unlimited': 'Legal'},"{'small': 'https://images.pokemontcg.io/base1/56.png', 'large': 'https://images.pokemontcg.io/base1/56_hires.png'}"
base1-57,Pidgey,Pokémon,['Basic'],8,40,['Colorless'],['Pidgeotto'],"[{'name': 'Whirlwind', 'cost': ['Colorless', 'Colorless'], 'convertedEnergyCost': 2, 'damage': '10', 'text': 'If your opponent has any Benched Pokémon, he or she chooses 1 of them and switches it with the Defending Pokémon. (Do the damage before switching the Pokémon.)'}]","[{'type': 'Lightning', 'value': '×2'}]","[{'type': 'Fighting', 'value': '-30'}]",['Colorless'],1,57,Ken Sugimori,Common,A common sight in forests and woods. It flaps its wings at ground level to kick up blinding sand.,[16],{'unlimited': 'Legal'},"{'small': 'https://images.pokemontcg.io/base1/57.png', 'large': 'https://images.pokemontcg.io/base1/57_hires.png'}"
base1-58,Pikachu,Pokémon,['Basic'],12,40,['Lightning'],['Raichu'],"[{'name': 'Gnaw', 'cost': ['Colorless'], 'convertedEnergyCost': 1, 'damage': '10', 'text': ''}, {'name': 'Thunder Jolt', 'cost': ['Lightning', 'Colorless'], 'convertedEnergyCost': 2, 'damage': '30', 'text': 'Flip a coin. If tails, Pikachu does 10 damage to itself.'}]","[{'type': 'Fighting', 'value': '×2'}]",['Colorless'],1,58,Mitsuhiro Arita,Common,"When several of these Pokémon gather, their electricity can cause lightning storms.",[25],{'unlimited': 'Legal'},"{'small': 'https://images.pokemontcg.io/base1/58.png', 'large': 'https://images.pokemontcg.io/base1/58_hires.png'}"
base1-59,Poliwag,Pokémon,['Basic'],13,40,['Water'],['Poliwhirl'],"[{'name': 'Water Gun', 'cost': ['Water'], 'convertedEnergyCost': 1, 'damage': '10+', 'text': ""Does 10 damage plus 10 more damage for each Water Energy attached to Poliwag but not used to pay for this attack's Energy cost. Extra Water Energy after the 2nd don't count.""}]","[{'type': 'Grass', 'value': '×2'}]",['Colorless'],1,59,Ken Sugimori,Common,Its newly grown legs prevent it from running. It appears to prefer swimming over trying to stand.,[60],{'unlimited': 'Legal'},"{'small': 'https://images.pokemontcg.io/base1/59.png', 'large': 'https://images.pokemontcg.io/base1/59_hires.png'}"
base1-60,Ponyta,Pokémon,['Basic'],10,40,['Fire'],['Rapidash'],"[{'name': 'Smash Kick', 'cost': ['Colorless', 'Colorless'], 'convertedEnergyCost': 2, 'damage': '20', 'text': ''}, {'name': 'Flame Tail', 'cost': ['Fire', 'Fire'], 'convertedEnergyCost': 2, 'damage': '30', 'text': ''}]","[{'type': 'Water', 'value': '×2'}]",['Colorless'],1,60,Ken Sugimori,Common,Its hooves are 10 times harder than diamonds. It can trample anything flat in moments.,[77],{'unlimited': 'Legal'},"{'small': 'https://images.pokemontcg.io/base1/60.png', 'large': 'https://images.pokemontcg.io/base1/60_hires.png'}"
base1-61,Rattata,Pokémon,['Basic'],9,30,['Colorless'],['Raticate'],"[{'name': 'Bite', 'cost': ['Colorless'], 'convertedEnergyCost': 1, 'damage': '20', 'text': ''}]","[{'type': 'Fighting', 'value': '×2'}]","[{'type': 'Psychic', 'value': '-30'}]",61,Mitsuhiro Arita,Common,"Bites anything when it attacks. Small and very quick, it is a common sight in many places.",[19],{'unlimited': 'Legal'},"{'small': 'https://images.pokemontcg.io/base1/61.png', 'large': 'https://images.pokemontcg.io/base1/61_hires.png'}"
base1-62,Sandshrew,Pokémon,['Basic'],12,40,['Fighting'],['Sandslash'],"[{'name': 'Sand-attack', 'cost': ['Fighting'], 'convertedEnergyCost': 1, 'damage': '10', 'text': ""If the Defending Pokémon tries to attack during your opponent's next turn, your opponent flips a coin. If tails, that attack does nothing.""}]","[{'type': 'Grass', 'value': '×2'}]","[{'type': 'Lightning', 'value': '-30'}]",['Colorless'],1,62,Ken Sugimori,Common,Burrows deep underground in arid locations far from water. It only emerges to hunt for food.,[27],{'unlimited': 'Legal'},"{'small': 'https://images.pokemontcg.io/base1/62.png', 'large': 'https://images.pokemontcg.io/base1/62_hires.png'}"
base1-63,Squirtle,Pokémon,['Basic'],8,40,['Water'],['Wartortle'],"[{'name': 'Bubble', 'cost': ['Water'], 'convertedEnergyCost': 1, 'damage': '10', 'text': 'Flip a coin. If heads, the Defending Pokémon is now Paralyzed.'}, {'name': 'Withdraw', 'cost': ['Water', 'Colorless'], 'convertedEnergyCost': 2, 'damage': '', 'text': ""Flip a coin. If heads, prevent all damage done to Squirtle during your opponent's next turn. (Any other effects of attacks still happen.)""}]","[{'type': 'Lightning', 'value': '×2'}]",['Colorless'],1,63,Mitsuhiro Arita,Common,"After birth, its back swells and hardens into a shell. It powerfully sprays foam from its mouth.",[7],{'unlimited': 'Legal'},"{'small': 'https://images.pokemontcg.io/base1/63.png', 'large': 'https://images.pokemontcg.io/base1/63_hires.png'}"
base1-64,Starmie,Pokémon,['Stage 1'],28,60,['Water'],Staryu,"[{'name': 'Recover', 'cost': ['Water', 'Water'], 'convertedEnergyCost': 2, 'damage': '', 'text': 'Discard 1 Water Energy card attached to Starmie in order to use this attack. Remove all damage counters from Starmie.'}, {'name': 'Star Freeze', 'cost': ['Water', 'Colorless', 'Colorless'], 'convertedEnergyCost': 3, 'damage': '20', 'text': 'Flip a coin. If heads, the Defending Pokémon is now Paralyzed.'}]","[{'type': 'Lightning', 'value': '×2'}]",['Colorless'],1,64,Keiji Kinebuchi,Common,Its central core glows with the seven colors of the rainbow. Some people value this core as a gem.,[121],{'unlimited': 'Legal'},"{'small': 'https://images.pokemontcg.io/base1/64.png', 'large': 'https://images.pokemontcg.io/base1/64_hires.png'}"
base1-65,Staryu,Pokémon,['Basic'],15,40,['Water'],['Starmie'],"[{'name': 'Slap', 'cost': ['Water'], 'convertedEnergyCost': 1, 'damage': '20', 'text': ''}]","[{'type': 'Lightning', 'value': '×2'}]",['Colorless'],1,65,Keiji Kinebuchi,Common,An enigmatic Pokémon that can effortlessly regenerate any appendage it loses in battle.,[120],{'unlimited': 'Legal'},"{'small': 'https://images.pokemontcg.io/base1/65.png', 'large': 'https://images.pokemontcg.io/base1/65_hires.png'}"
base1-66,Tangela,Pokémon,['Basic'],8,50,['Grass'],['Tangrowth'],"[{'name': 'Bind', 'cost': ['Grass', 'Colorless'], 'convertedEnergyCost': 2, 'damage': '20', 'text': 'Flip a coin. If heads, the Defending Pokémon is now Paralyzed.'}, {'name': 'Poisonpowder', 'cost': ['Grass', 'Grass', 'Grass'], 'convertedEnergyCost': 3, 'damage': '20', 'text': 'The Defending Pokémon is now Poisoned.'}]","[{'type': 'Fire', 'value': '×2'}]","['Colorless', 'Colorless']",2,66,Mitsuhiro Arita,Common,Its whole body is swathed with wide vines that are similar to seaweed. These vines shake as it walks.,[114],{'unlimited': 'Legal'},"{'small': 'https://images.pokemontcg.io/base1/66.png', 'large': 'https://images.pokemontcg.io/base1/66_hires.png'}"
base1-67,Voltorb,Pokémon,['Basic'],10,40,['Lightning'],['Electrode'],"[{'name': 'Tackle', 'cost': ['Colorless'], 'convertedEnergyCost': 1, 'damage': '10', 'text': ''}]","[{'type': 'Fighting', 'value': '×2'}]",['Colorless'],1,67,Keiji Kinebuchi,Common,"Usually found in power plants. Easily mistaken for a Monster Ball, it has zapped many people.",[100],{'unlimited': 'Legal'},"{'small': 'https://images.pokemontcg.io/base1/67.png', 'large': 'https://images.pokemontcg.io/base1/67_hires.png'}"
base1-68,Vulpix,Pokémon,['Basic'],11,50,['Fire'],['Ninetales'],"[{'name': 'Confuse Ray', 'cost': ['Fire', 'Fire'], 'convertedEnergyCost': 2, 'damage': '10', 'text': 'Flip a coin. If heads, the Defending Pokémon is now Confused.'}]","[{'type': 'Water', 'value': '×2'}]",['Colorless'],1,68,Ken Sugimori,Common,"At the time of birth, it has just one tail. Its tail splits from the tip as it grows older.",[37],{'unlimited': 'Legal'},"{'small': 'https://images.pokemontcg.io/base1/68.png', 'large': 'https://images.pokemontcg.io/base1/68_hires.png'}"
base1-69,Weedle,Pokémon,['Basic'],12,40,['Grass'],['Kakuna'],"[{'name': 'Poison Sting', 'cost': ['Grass'], 'convertedEnergyCost': 1, 'damage': '10', 'text': 'Flip a coin. If heads, the Defending Pokémon is now Poisoned.'}]","[{'type': 'Fire', 'value': '×2'}]",['Colorless'],1,69,Mitsuhiro Arita,Common,"Often found in forests, eating leaves. It has a sharp, venomous stinger on its head.",[13],"{'unlimited': 'Legal', 'expanded': 'Legal'}","{'small': 'https://images.pokemontcg.io/base1/69.png', 'large': 'https://images.pokemontcg.io/base1/69_hires.png'}"
base1-70,Clefairy Doll,Trainer,10,"[""Play Clefairy Doll as if it were a Basic Pokémon. While in play, Clefairy Doll counts a a Pokémon (instead of a Trainer card). Clefairy Doll has no attacks, can't retreat, and can't be Asleep, Confused, Paralyzed, or Poisoned. If Clefairy Doll is Knocked Out, it doesn't count as a Knocked Out Pokémon. At any time during your turn before your attack, you may discard Clefairy Doll.""]",70,Keiji Kinebuchi,Rare,{'unlimited': 'Legal'},"{'small': 'https://images.pokemontcg.io/base1/70.png', 'large': 'https://images.pokemontcg.io/base1/70_hires.png'}"
base1-71,Computer Search,Trainer,['Discard 2 of the other cards from your hand in order to search your deck for any card and put it into your hand. Shuffle your deck afterward.'],71,Keiji Kinebuchi,Rare,{'unlimited': 'Legal'},"{'small': 'https://images.pokemontcg.io/base1/71.png', 'large': 'https://images.pokemontcg.io/base1/71_hires.png'}"
base1-72,Devolution Spray,Trainer,"['Choose 1 of your own Pokémon in play and a Stage of Evolution. Discard all Evolution cards of that Stage or higher attached to that Pokémon. That Pokémon is no longer Asleep, Confused, Paralyzed, Poisoned, or anything else that might be the result of an attack (just as if you had evolved it).']",72,Keiji Kinebuchi,Rare,{'unlimited': 'Legal'},"{'small': 'https://images.pokemontcg.io/base1/72.png', 'large': 'https://images.pokemontcg.io/base1/72_hires.png'}"
base1-73,Impostor Professor Oak,Trainer,"['Your opponent shuffles his or her hand into his or her deck, then draws 7 cards.']",73,Ken Sugimori,Rare,{'unlimited': 'Legal'},"{'small': 'https://images.pokemontcg.io/base1/73.png', 'large': 'https://images.pokemontcg.io/base1/73_hires.png'}"
base1-74,Item Finder,Trainer,['Discard 2 of the other cards from your hand in order to put a Trainer card from your discard pile into your hand.'],74,Keiji Kinebuchi,Rare,{'unlimited': 'Legal'},"{'small': 'https://images.pokemontcg.io/base1/74.png', 'large': 'https://images.pokemontcg.io/base1/74_hires.png'}"
base1-75,Lass,Trainer,"['You and your opponent show each other your hands, then shuffle all the Trainer cards from your hands into your decks.']",75,Ken Sugimori,Rare,{'unlimited': 'Legal'},"{'small': 'https://images.pokemontcg.io/base1/75.png', 'large': 'https://images.pokemontcg.io/base1/75_hires.png'}"
base1-76,Pokémon Breeder,Trainer,['Put a Stage 2 Evolution card from your hand on the matching Basic Pokémon. You can only play this card when you would be allowed to evolve that Pokémon anyway.'],76,Ken Sugimori,Rare,{'unlimited': 'Legal'},"{'small': 'https://images.pokemontcg.io/base1/76.png', 'large': 'https://images.pokemontcg.io/base1/76_hires.png'}"
base1-77,Pokémon Trader,Trainer,['Trade 1 of the Basic Pokémon or Evolution cards in your hand for 1 of the Basic Pokémon or Evolution cards from your deck. Show both cards to your opponent. Shuffle your deck afterward.'],77,Ken Sugimori,Rare,{'unlimited': 'Legal'},"{'small': 'https://images.pokemontcg.io/base1/77.png', 'large': 'https://images.pokemontcg.io/base1/77_hires.png'}"
base1-78,Scoop Up,Trainer,['Choose 1 of your Pokémon in play and return its Basic Pokémon card to your hand. (Discard all cards attached to that card.)'],78,Keiji Kinebuchi,Rare,{'unlimited': 'Legal'},"{'small': 'https://images.pokemontcg.io/base1/78.png', 'large': 'https://images.pokemontcg.io/base1/78_hires.png'}"
base1-79,Super Energy Removal,Trainer,"[""Discard 1 Energy card attached to 1 of your Pokémon in order to choose 1 of your opponent's Pokémon and up to 2 Energy cards attached to it. Discard those Energy cards.""]",79,Keiji Kinebuchi,Rare,{'unlimited': 'Legal'},"{'small': 'https://images.pokemontcg.io/base1/79.png', 'large': 'https://images.pokemontcg.io/base1/79_hires.png'}"
base1-80,Defender,Trainer,"[""Attach Defender to 1 of your Pokémon. At the end of your opponent's next turn, discard Defender. Damage done to that Pokémon by attacks is reduced by 20 (after applying Weakness and Resistance).""]",80,Keiji Kinebuchi,Uncommon,{'unlimited': 'Legal'},"{'small': 'https://images.pokemontcg.io/base1/80.png', 'large': 'https://images.pokemontcg.io/base1/80_hires.png'}"
base1-81,Energy Retrieval,Trainer,['Trade 1 of the other cards in your hand for up to 2 basic Energy cards from your discard pile.'],81,Keiji Kinebuchi,Uncommon,"{'unlimited': 'Legal', 'standard': 'Legal', 'expanded': 'Legal'}","{'small': 'https://images.pokemontcg.io/base1/81.png', 'large': 'https://images.pokemontcg.io/base1/81_hires.png'}"
base1-82,Full Heal,Trainer,"['Your Active Pokémon is no longer Asleep, Confused, Paralyzed, or Poisoned.']",82,Keiji Kinebuchi,Uncommon,{'unlimited': 'Legal'},"{'small': 'https://images.pokemontcg.io/base1/82.png', 'large': 'https://images.pokemontcg.io/base1/82_hires.png'}"
base1-83,Maintenance,Trainer,['Shuffle 2 of the other cards from your hand into your deck in order to draw a card.'],83,Keiji Kinebuchi,Uncommon,"{'unlimited': 'Legal', 'expanded': 'Legal'}","{'small': 'https://images.pokemontcg.io/base1/83.png', 'large': 'https://images.pokemontcg.io/base1/83_hires.png'}"
base1-84,PlusPower,Trainer,"[""Attach PlusPower to your Active Pokémon. At the end of your turn, discard PlusPower. If this Pokémon's attack does damage to the Defending Pokémon (after applying Weakness and Resistance), the attack does 10 more damage to the Defending Pokémon.""]",84,Keiji Kinebuchi,Uncommon,"{'unlimited': 'Legal', 'expanded': 'Legal'}","{'small': 'https://images.pokemontcg.io/base1/84.png', 'large': 'https://images.pokemontcg.io/base1/84_hires.png'}"
base1-85,Pokémon Center,Trainer,"['Remove all damage counters from all of your own Pokémon with damage counters on them, then discard all Energy cards attached to those Pokémon.']",85,Keiji Kinebuchi,Uncommon,{'unlimited': 'Legal'},"{'small': 'https://images.pokemontcg.io/base1/85.png', 'large': 'https://images.pokemontcg.io/base1/85_hires.png'}"
base1-86,Pokémon Flute,Trainer,"[""Choose 1 Basic Pokémon card from your opponent's discard pile and put it onto his or her Bench. (You can't play Pokémon Flute if your opponent's Bench is full.)""]",86,Keiji Kinebuchi,Uncommon,{'unlimited': 'Legal'},"{'small': 'https://images.pokemontcg.io/base1/86.png', 'large': 'https://images.pokemontcg.io/base1/86_hires.png'}"
base1-87,Pokédex,Trainer,['Look at up to 5 cards from the top of your deck and rearrange them as you like.'],87,Keiji Kinebuchi,Uncommon,"{'unlimited': 'Legal', 'expanded': 'Legal'}","{'small': 'https://images.pokemontcg.io/base1/87.png', 'large': 'https://images.pokemontcg.io/base1/87_hires.png'}"
base1-88,Professor Oak,Trainer,"['Discard your hand, then draw 7 cards.']",88,Ken Sugimori,Uncommon,{'unlimited': 'Legal'},"{'small': 'https://images.pokemontcg.io/base1/88.png', 'large': 'https://images.pokemontcg.io/base1/88_hires.png'}"
base1-89,Revive,Trainer,"[""Put 1 Basic Pokémon card from your discard pile onto your Bench. Put damage counters on that Pokémon equal to half its HP (rounded down to the nearest 10). (You can't play Revive if your Bench is full.)""]",89,Keiji Kinebuchi,Uncommon,{'unlimited': 'Legal'},"{'small': 'https://images.pokemontcg.io/base1/89.png', 'large': 'https://images.pokemontcg.io/base1/89_hires.png'}"
base1-90,Super Potion,Trainer,['Discard 1 Energy card attached to your own Pokémon in order to remove up to 4 damage counters from that Pokémon.'],90,Keiji Kinebuchi,Uncommon,{'unlimited': 'Legal'},"{'small': 'https://images.pokemontcg.io/base1/90.png', 'large': 'https://images.pokemontcg.io/base1/90_hires.png'}"
base1-91,Bill,Trainer,['Draw 2 cards.'],91,Ken Sugimori,Common,{'unlimited': 'Legal'},"{'small': 'https://images.pokemontcg.io/base1/91.png', 'large': 'https://images.pokemontcg.io/base1/91_hires.png'}"
base1-92,Energy Removal,Trainer,"[""Choose 1 Energy card attached to 1 of your opponent's Pokémon and discard it.""]",92,Keiji Kinebuchi,Common,{'unlimited': 'Legal'},"{'small': 'https://images.pokemontcg.io/base1/92.png', 'large': 'https://images.pokemontcg.io/base1/92_hires.png'}"
base1-93,Gust of Wind,Trainer,"[""Choose 1 of your opponent's Benched Pokémon and switch it with his or her Active Pokémon.""]",93,Keiji Kinebuchi,Common,{'unlimited': 'Legal'},"{'small': 'https://images.pokemontcg.io/base1/93.png', 'large': 'https://images.pokemontcg.io/base1/93_hires.png'}"
base1-94,Potion,Trainer,['Remove up to 2 damage counters from 1 of your Pokémon.'],94,Keiji Kinebuchi,Common,"{'unlimited': 'Legal', 'standard': 'Legal', 'expanded': 'Legal'}","{'small': 'https://images.pokemontcg.io/base1/94.png', 'large': 'https://images.pokemontcg.io/base1/94_hires.png'}"
base1-95,Switch,Trainer,['Switch 1 of your own Benched Pokémon with your Active Pokémon.'],95,Keiji Kinebuchi,Common,"{'unlimited': 'Legal', 'standard': 'Legal', 'expanded': 'Legal'}","{'small': 'https://images.pokemontcg.io/base1/95.png', 'large': 'https://images.pokemontcg.io/base1/95_hires.png'}"
base1-96,Double Colorless Energy,Energy,['Special'],"[""Provides ColorlessColorless energy.\nDoesn't count as a basic Energy card.""]",96,Keiji Kinebuchi,Uncommon,"{'unlimited': 'Legal', 'expanded': 'Legal'}","{'small': 'https://images.pokemontcg.io/base1/96.png', 'large': 'https://images.pokemontcg.io/base1/96_hires.png'}"
base1-97,Fighting Energy,Energy,['Basic'],97,Keiji Kinebuchi,"{'unlimited': 'Legal', 'standard': 'Legal', 'expanded': 'Legal'}","{'small': 'https://images.pokemontcg.io/base1/97.png', 'large': 'https://images.pokemontcg.io/base1/97_hires.png'}"
base1-98,Fire Energy,Energy,['Basic'],98,Keiji Kinebuchi,"{'unlimited': 'Legal', 'standard': 'Legal', 'expanded': 'Legal'}","{'small': 'https://images.pokemontcg.io/base1/98.png', 'large': 'https://images.pokemontcg.io/base1/98_hires.png'}"
base1-99,Grass Energy,Energy,['Basic'],99,Keiji Kinebuchi,"{'unlimited': 'Legal', 'standard': 'Legal', 'expanded': 'Legal'}","{'small': 'https://images.pokemontcg.io/base1/99.png', 'large': 'https://images.pokemontcg.io/base1/99_hires.png'}"
base1-100,Lightning Energy,Energy,['Basic'],100,Keiji Kinebuchi,"{'unlimited': 'Legal', 'standard': 'Legal', 'expanded': 'Legal'}","{'small': 'https://images.pokemontcg.io/base1/100.png', 'large': 'https://images.pokemontcg.io/base1/100_hires.png'}"
base1-101,Psychic Energy,Energy,['Basic'],101,Keiji Kinebuchi,"{'unlimited': 'Legal', 'standard': 'Legal', 'expanded': 'Legal'}","{'small': 'https://images.pokemontcg.io/base1/101.png', 'large': 'https://images.pokemontcg.io/base1/101_hires.png'}"
base1-102,Water Energy,Energy,['Basic'],102,Keiji Kinebuchi,"{'unlimited': 'Legal', 'standard': 'Legal', 'expanded': 'Legal'}","{'small': 'https://images.pokemontcg.io/base1/102.png', 'large': 'https://images.pokemontcg.io/base1/102_hires.png'}"
