id,name,type_id,power,energy_return,animation_duration,tb_power,tb_energy_gain,tb_turns,category,effect,chance_of_effect,energy_cost,tb_energy_cost,
1,Fury Cutter,7,3,6,0.4,2,4,1,Fast Attack,,,,,"insert into go_moves (id,name,power,energy_return,tb_power,animation_duration,tb_energy_gain,tb_turns,category,effect,chance_of_effect,energy_cost,tb_energy_cost) values('1','Fury Cutter','3','6','2','0.4','4','1','Fast Attack','','','','');"
2,Bug Bite,7,5,6,0.5,3,3,1,Fast Attack,,,,,"insert into go_moves (id,name,power,energy_return,tb_power,animation_duration,tb_energy_gain,tb_turns,category,effect,chance_of_effect,energy_cost,tb_energy_cost) values('2','Bug Bite','5','6','3','0.5','3','1','Fast Attack','','','','');"
3,Bite,17,6,4,0.5,4,2,1,Fast Attack,,,,,"insert into go_moves (id,name,power,energy_return,tb_power,animation_duration,tb_energy_gain,tb_turns,category,effect,chance_of_effect,energy_cost,tb_energy_cost) values('3','Bite','6','4','4','0.5','2','1','Fast Attack','','','','');"
4,Sucker Punch,17,7,8,0.7,5,7,2,Fast Attack,,,,,"insert into go_moves (id,name,power,energy_return,tb_power,animation_duration,tb_energy_gain,tb_turns,category,effect,chance_of_effect,energy_cost,tb_energy_cost) values('4','Sucker Punch','7','8','5','0.7','7','2','Fast Attack','','','','');"
5,Dragon Breath,16,6,4,0.5,4,3,1,Fast Attack,,,,,"insert into go_moves (id,name,power,energy_return,tb_power,animation_duration,tb_energy_gain,tb_turns,category,effect,chance_of_effect,energy_cost,tb_energy_cost) values('5','Dragon Breath','6','4','4','0.5','3','1','Fast Attack','','','','');"
6,Thunder Shock,13,5,8,0.6,3,9,2,Fast Attack,,,,,"insert into go_moves (id,name,power,energy_return,tb_power,animation_duration,tb_energy_gain,tb_turns,category,effect,chance_of_effect,energy_cost,tb_energy_cost) values('6','Thunder Shock','5','8','3','0.6','9','2','Fast Attack','','','','');"
7,Spark,13,6,9,0.7,6,7,2,Fast Attack,,,,,"insert into go_moves (id,name,power,energy_return,tb_power,animation_duration,tb_energy_gain,tb_turns,category,effect,chance_of_effect,energy_cost,tb_energy_cost) values('7','Spark','6','9','6','0.7','7','2','Fast Attack','','','','');"
8,Low Kick,2,6,6,0.6,4,5,2,Fast Attack,,,,,"insert into go_moves (id,name,power,energy_return,tb_power,animation_duration,tb_energy_gain,tb_turns,category,effect,chance_of_effect,energy_cost,tb_energy_cost) values('8','Low Kick','6','6','4','0.6','5','2','Fast Attack','','','','');"
9,Karate Chop,2,8,10,0.8,5,8,2,Fast Attack,,,,,"insert into go_moves (id,name,power,energy_return,tb_power,animation_duration,tb_energy_gain,tb_turns,category,effect,chance_of_effect,energy_cost,tb_energy_cost) values('9','Karate Chop','8','10','5','0.8','8','2','Fast Attack','','','','');"
10,Ember,10,10,10,1,7,6,2,Fast Attack,,,,,"insert into go_moves (id,name,power,energy_return,tb_power,animation_duration,tb_energy_gain,tb_turns,category,effect,chance_of_effect,energy_cost,tb_energy_cost) values('10','Ember','10','10','7','1','6','2','Fast Attack','','','','');"
11,Wing Attack,3,8,9,0.8,5,8,2,Fast Attack,,,,,"insert into go_moves (id,name,power,energy_return,tb_power,animation_duration,tb_energy_gain,tb_turns,category,effect,chance_of_effect,energy_cost,tb_energy_cost) values('11','Wing Attack','8','9','5','0.8','8','2','Fast Attack','','','','');"
12,Peck,3,10,10,1,6,5,2,Fast Attack,,,,,"insert into go_moves (id,name,power,energy_return,tb_power,animation_duration,tb_energy_gain,tb_turns,category,effect,chance_of_effect,energy_cost,tb_energy_cost) values('12','Peck','10','10','6','1','5','2','Fast Attack','','','','');"
13,Lick,8,5,6,0.5,3,3,1,Fast Attack,,,,,"insert into go_moves (id,name,power,energy_return,tb_power,animation_duration,tb_energy_gain,tb_turns,category,effect,chance_of_effect,energy_cost,tb_energy_cost) values('13','Lick','5','6','3','0.5','3','1','Fast Attack','','','','');"
14,Shadow Claw,8,9,6,0.7,6,8,2,Fast Attack,,,,,"insert into go_moves (id,name,power,energy_return,tb_power,animation_duration,tb_energy_gain,tb_turns,category,effect,chance_of_effect,energy_cost,tb_energy_cost) values('14','Shadow Claw','9','6','6','0.7','8','2','Fast Attack','','','','');"
15,Vine Whip,12,7,6,0.6,5,8,2,Fast Attack,,,,,"insert into go_moves (id,name,power,energy_return,tb_power,animation_duration,tb_energy_gain,tb_turns,category,effect,chance_of_effect,energy_cost,tb_energy_cost) values('15','Vine Whip','7','6','5','0.6','8','2','Fast Attack','','','','');"
16,Razor Leaf,12,13,7,1,10,4,2,Fast Attack,,,,,"insert into go_moves (id,name,power,energy_return,tb_power,animation_duration,tb_energy_gain,tb_turns,category,effect,chance_of_effect,energy_cost,tb_energy_cost) values('16','Razor Leaf','13','7','10','1','4','2','Fast Attack','','','','');"
17,Mud Shot,5,5,7,0.6,3,9,2,Fast Attack,,,,,"insert into go_moves (id,name,power,energy_return,tb_power,animation_duration,tb_energy_gain,tb_turns,category,effect,chance_of_effect,energy_cost,tb_energy_cost) values('17','Mud Shot','5','7','3','0.6','9','2','Fast Attack','','','','');"
18,Ice Shard,15,12,12,1.2,9,10,3,Fast Attack,,,,,"insert into go_moves (id,name,power,energy_return,tb_power,animation_duration,tb_energy_gain,tb_turns,category,effect,chance_of_effect,energy_cost,tb_energy_cost) values('18','Ice Shard','12','12','9','1.2','10','3','Fast Attack','','','','');"
19,Frost Breath,15,10,8,0.9,7,5,2,Fast Attack,,,,,"insert into go_moves (id,name,power,energy_return,tb_power,animation_duration,tb_energy_gain,tb_turns,category,effect,chance_of_effect,energy_cost,tb_energy_cost) values('19','Frost Breath','10','8','7','0.9','5','2','Fast Attack','','','','');"
20,Quick Attack,1,8,10,0.8,5,8,2,Fast Attack,,,,,"insert into go_moves (id,name,power,energy_return,tb_power,animation_duration,tb_energy_gain,tb_turns,category,effect,chance_of_effect,energy_cost,tb_energy_cost) values('20','Quick Attack','8','10','5','0.8','8','2','Fast Attack','','','','');"
21,Scratch,1,6,4,0.5,4,2,1,Fast Attack,,,,,"insert into go_moves (id,name,power,energy_return,tb_power,animation_duration,tb_energy_gain,tb_turns,category,effect,chance_of_effect,energy_cost,tb_energy_cost) values('21','Scratch','6','4','4','0.5','2','1','Fast Attack','','','','');"
22,Tackle,1,5,5,0.5,3,3,1,Fast Attack,,,,,"insert into go_moves (id,name,power,energy_return,tb_power,animation_duration,tb_energy_gain,tb_turns,category,effect,chance_of_effect,energy_cost,tb_energy_cost) values('22','Tackle','5','5','3','0.5','3','1','Fast Attack','','','','');"
23,Pound,1,7,6,0.6,4,4,2,Fast Attack,,,,,"insert into go_moves (id,name,power,energy_return,tb_power,animation_duration,tb_energy_gain,tb_turns,category,effect,chance_of_effect,energy_cost,tb_energy_cost) values('23','Pound','7','6','4','0.6','4','2','Fast Attack','','','','');"
24,Cut,1,5,5,0.5,3,2,1,Fast Attack,,,,,"insert into go_moves (id,name,power,energy_return,tb_power,animation_duration,tb_energy_gain,tb_turns,category,effect,chance_of_effect,energy_cost,tb_energy_cost) values('24','Cut','5','5','3','0.5','2','1','Fast Attack','','','','');"
25,Poison Jab,4,10,7,0.8,7,7,2,Fast Attack,,,,,"insert into go_moves (id,name,power,energy_return,tb_power,animation_duration,tb_energy_gain,tb_turns,category,effect,chance_of_effect,energy_cost,tb_energy_cost) values('25','Poison Jab','10','7','7','0.8','7','2','Fast Attack','','','','');"
26,Acid,4,9,8,0.8,6,5,2,Fast Attack,,,,,"insert into go_moves (id,name,power,energy_return,tb_power,animation_duration,tb_energy_gain,tb_turns,category,effect,chance_of_effect,energy_cost,tb_energy_cost) values('26','Acid','9','8','6','0.8','5','2','Fast Attack','','','','');"
27,Psycho Cut,14,5,8,0.6,3,9,2,Fast Attack,,,,,"insert into go_moves (id,name,power,energy_return,tb_power,animation_duration,tb_energy_gain,tb_turns,category,effect,chance_of_effect,energy_cost,tb_energy_cost) values('27','Psycho Cut','5','8','3','0.6','9','2','Fast Attack','','','','');"
28,Rock Throw,6,12,7,0.9,8,5,2,Fast Attack,,,,,"insert into go_moves (id,name,power,energy_return,tb_power,animation_duration,tb_energy_gain,tb_turns,category,effect,chance_of_effect,energy_cost,tb_energy_cost) values('28','Rock Throw','12','7','8','0.9','5','2','Fast Attack','','','','');"
29,Metal Claw,9,8,7,0.7,5,6,2,Fast Attack,,,,,"insert into go_moves (id,name,power,energy_return,tb_power,animation_duration,tb_energy_gain,tb_turns,category,effect,chance_of_effect,energy_cost,tb_energy_cost) values('29','Metal Claw','8','7','5','0.7','6','2','Fast Attack','','','','');"
30,Bullet Punch,9,9,10,0.9,6,7,2,Fast Attack,,,,,"insert into go_moves (id,name,power,energy_return,tb_power,animation_duration,tb_energy_gain,tb_turns,category,effect,chance_of_effect,energy_cost,tb_energy_cost) values('30','Bullet Punch','9','10','6','0.9','7','2','Fast Attack','','','','');"
31,Water Gun,11,5,5,0.5,3,3,1,Fast Attack,,,,,"insert into go_moves (id,name,power,energy_return,tb_power,animation_duration,tb_energy_gain,tb_turns,category,effect,chance_of_effect,energy_cost,tb_energy_cost) values('31','Water Gun','5','5','3','0.5','3','1','Fast Attack','','','','');"
32,Splash,11,0,20,1.73,0,12,4,Fast Attack,,,,,"insert into go_moves (id,name,power,energy_return,tb_power,animation_duration,tb_energy_gain,tb_turns,category,effect,chance_of_effect,energy_cost,tb_energy_cost) values('32','Splash','0','20','0','1.73','12','4','Fast Attack','','','','');"
33,Water Gun (Blastoise),11,10,6,1,6,4,2,Fast Attack,,,,,"insert into go_moves (id,name,power,energy_return,tb_power,animation_duration,tb_energy_gain,tb_turns,category,effect,chance_of_effect,energy_cost,tb_energy_cost) values('33','Water Gun (Blastoise)','10','6','6','1','4','2','Fast Attack','','','','');"
34,Mud-Slap,5,18,12,1.4,11,8,3,Fast Attack,,,,,"insert into go_moves (id,name,power,energy_return,tb_power,animation_duration,tb_energy_gain,tb_turns,category,effect,chance_of_effect,energy_cost,tb_energy_cost) values('34','Mud-Slap','18','12','11','1.4','8','3','Fast Attack','','','','');"
35,Zen Headbutt,14,12,10,1.1,8,6,3,Fast Attack,,,,,"insert into go_moves (id,name,power,energy_return,tb_power,animation_duration,tb_energy_gain,tb_turns,category,effect,chance_of_effect,energy_cost,tb_energy_cost) values('35','Zen Headbutt','12','10','8','1.1','6','3','Fast Attack','','','','');"
36,Confusion,14,20,15,1.6,16,12,4,Fast Attack,,,,,"insert into go_moves (id,name,power,energy_return,tb_power,animation_duration,tb_energy_gain,tb_turns,category,effect,chance_of_effect,energy_cost,tb_energy_cost) values('36','Confusion','20','15','16','1.6','12','4','Fast Attack','','','','');"
37,Poison Sting,4,5,7,0.6,3,9,2,Fast Attack,,,,,"insert into go_moves (id,name,power,energy_return,tb_power,animation_duration,tb_energy_gain,tb_turns,category,effect,chance_of_effect,energy_cost,tb_energy_cost) values('37','Poison Sting','5','7','3','0.6','9','2','Fast Attack','','','','');"
38,Bubble,11,12,14,1.2,7,11,3,Fast Attack,,,,,"insert into go_moves (id,name,power,energy_return,tb_power,animation_duration,tb_energy_gain,tb_turns,category,effect,chance_of_effect,energy_cost,tb_energy_cost) values('38','Bubble','12','14','7','1.2','11','3','Fast Attack','','','','');"
39,Feint Attack,17,10,9,0.9,6,6,2,Fast Attack,,,,,"insert into go_moves (id,name,power,energy_return,tb_power,animation_duration,tb_energy_gain,tb_turns,category,effect,chance_of_effect,energy_cost,tb_energy_cost) values('39','Feint Attack','10','9','6','0.9','6','2','Fast Attack','','','','');"
40,Steel Wing,9,11,6,0.8,7,5,2,Fast Attack,,,,,"insert into go_moves (id,name,power,energy_return,tb_power,animation_duration,tb_energy_gain,tb_turns,category,effect,chance_of_effect,energy_cost,tb_energy_cost) values('40','Steel Wing','11','6','7','0.8','5','2','Fast Attack','','','','');"
41,Fire Fang,10,12,8,0.9,8,5,2,Fast Attack,,,,,"insert into go_moves (id,name,power,energy_return,tb_power,animation_duration,tb_energy_gain,tb_turns,category,effect,chance_of_effect,energy_cost,tb_energy_cost) values('41','Fire Fang','12','8','8','0.9','5','2','Fast Attack','','','','');"
42,Rock Smash,2,15,10,1.3,9,7,3,Fast Attack,,,,,"insert into go_moves (id,name,power,energy_return,tb_power,animation_duration,tb_energy_gain,tb_turns,category,effect,chance_of_effect,energy_cost,tb_energy_cost) values('42','Rock Smash','15','10','9','1.3','7','3','Fast Attack','','','','');"
43,Transform,1,0,0,2.23,0,0,5,Fast Attack,,,,,"insert into go_moves (id,name,power,energy_return,tb_power,animation_duration,tb_energy_gain,tb_turns,category,effect,chance_of_effect,energy_cost,tb_energy_cost) values('43','Transform','0','0','0','2.23','0','5','Fast Attack','','','','');"
44,Counter,2,12,8,0.9,8,7,2,Fast Attack,,,,,"insert into go_moves (id,name,power,energy_return,tb_power,animation_duration,tb_energy_gain,tb_turns,category,effect,chance_of_effect,energy_cost,tb_energy_cost) values('44','Counter','12','8','8','0.9','7','2','Fast Attack','','','','');"
45,Powder Snow,15,6,15,1,5,8,2,Fast Attack,,,,,"insert into go_moves (id,name,power,energy_return,tb_power,animation_duration,tb_energy_gain,tb_turns,category,effect,chance_of_effect,energy_cost,tb_energy_cost) values('45','Powder Snow','6','15','5','1','8','2','Fast Attack','','','','');"
46,Charge Beam,13,8,15,1.1,5,11,3,Fast Attack,,,,,"insert into go_moves (id,name,power,energy_return,tb_power,animation_duration,tb_energy_gain,tb_turns,category,effect,chance_of_effect,energy_cost,tb_energy_cost) values('46','Charge Beam','8','15','5','1.1','11','3','Fast Attack','','','','');"
47,Volt Switch,13,14,21,1.6,12,16,4,Fast Attack,,,,,"insert into go_moves (id,name,power,energy_return,tb_power,animation_duration,tb_energy_gain,tb_turns,category,effect,chance_of_effect,energy_cost,tb_energy_cost) values('47','Volt Switch','14','21','12','1.6','16','4','Fast Attack','','','','');"
48,Dragon Tail,16,15,9,1.1,13,9,3,Fast Attack,,,,,"insert into go_moves (id,name,power,energy_return,tb_power,animation_duration,tb_energy_gain,tb_turns,category,effect,chance_of_effect,energy_cost,tb_energy_cost) values('48','Dragon Tail','15','9','13','1.1','9','3','Fast Attack','','','','');"
49,Air Slash,3,14,10,1.2,9,9,3,Fast Attack,,,,,"insert into go_moves (id,name,power,energy_return,tb_power,animation_duration,tb_energy_gain,tb_turns,category,effect,chance_of_effect,energy_cost,tb_energy_cost) values('49','Air Slash','14','10','9','1.2','9','3','Fast Attack','','','','');"
50,Infestation,7,10,14,1.1,6,12,3,Fast Attack,,,,,"insert into go_moves (id,name,power,energy_return,tb_power,animation_duration,tb_energy_gain,tb_turns,category,effect,chance_of_effect,energy_cost,tb_energy_cost) values('50','Infestation','10','14','6','1.1','12','3','Fast Attack','','','','');"
51,Struggle Bug,7,15,15,1.5,9,8,3,Fast Attack,,,,,"insert into go_moves (id,name,power,energy_return,tb_power,animation_duration,tb_energy_gain,tb_turns,category,effect,chance_of_effect,energy_cost,tb_energy_cost) values('51','Struggle Bug','15','15','9','1.5','8','3','Fast Attack','','','','');"
52,Astonish,8,8,14,1.1,5,10,3,Fast Attack,,,,,"insert into go_moves (id,name,power,energy_return,tb_power,animation_duration,tb_energy_gain,tb_turns,category,effect,chance_of_effect,energy_cost,tb_energy_cost) values('52','Astonish','8','14','5','1.1','10','3','Fast Attack','','','','');"
53,Hex,8,10,16,1.2,6,12,3,Fast Attack,,,,,"insert into go_moves (id,name,power,energy_return,tb_power,animation_duration,tb_energy_gain,tb_turns,category,effect,chance_of_effect,energy_cost,tb_energy_cost) values('53','Hex','10','16','6','1.2','12','3','Fast Attack','','','','');"
54,Iron Tail,9,15,7,1.1,9,6,3,Fast Attack,,,,,"insert into go_moves (id,name,power,energy_return,tb_power,animation_duration,tb_energy_gain,tb_turns,category,effect,chance_of_effect,energy_cost,tb_energy_cost) values('54','Iron Tail','15','7','9','1.1','6','3','Fast Attack','','','','');"
55,Fire Spin,10,14,10,1.1,9,10,3,Fast Attack,,,,,"insert into go_moves (id,name,power,energy_return,tb_power,animation_duration,tb_energy_gain,tb_turns,category,effect,chance_of_effect,energy_cost,tb_energy_cost) values('55','Fire Spin','14','10','9','1.1','10','3','Fast Attack','','','','');"
56,Bullet Seed,12,8,14,1.1,5,13,3,Fast Attack,,,,,"insert into go_moves (id,name,power,energy_return,tb_power,animation_duration,tb_energy_gain,tb_turns,category,effect,chance_of_effect,energy_cost,tb_energy_cost) values('56','Bullet Seed','8','14','5','1.1','13','3','Fast Attack','','','','');"
57,Extrasensory,14,12,12,1.1,8,10,3,Fast Attack,,,,,"insert into go_moves (id,name,power,energy_return,tb_power,animation_duration,tb_energy_gain,tb_turns,category,effect,chance_of_effect,energy_cost,tb_energy_cost) values('57','Extrasensory','12','12','8','1.1','10','3','Fast Attack','','','','');"
58,Snarl,17,12,14,1.1,5,13,3,Fast Attack,,,,,"insert into go_moves (id,name,power,energy_return,tb_power,animation_duration,tb_energy_gain,tb_turns,category,effect,chance_of_effect,energy_cost,tb_energy_cost) values('58','Snarl','12','14','5','1.1','13','3','Fast Attack','','','','');"
59,Hidden Power*,1,15,15,1.5,9,8,3,Fast Attack,,,,,"insert into go_moves (id,name,power,energy_return,tb_power,animation_duration,tb_energy_gain,tb_turns,category,effect,chance_of_effect,energy_cost,tb_energy_cost) values('59','Hidden Power*','15','15','9','1.5','8','3','Fast Attack','','','','');"
60,Take Down,1,8,10,1.2,5,8,3,Fast Attack,,,,,"insert into go_moves (id,name,power,energy_return,tb_power,animation_duration,tb_energy_gain,tb_turns,category,effect,chance_of_effect,energy_cost,tb_energy_cost) values('60','Take Down','8','10','5','1.2','8','3','Fast Attack','','','','');"
61,Waterfall,11,16,8,1.2,12,8,3,Fast Attack,,,,,"insert into go_moves (id,name,power,energy_return,tb_power,animation_duration,tb_energy_gain,tb_turns,category,effect,chance_of_effect,energy_cost,tb_energy_cost) values('61','Waterfall','16','8','12','1.2','8','3','Fast Attack','','','','');"
62,Yawn,1,0,15,1.7,0,12,4,Fast Attack,,,,,"insert into go_moves (id,name,power,energy_return,tb_power,animation_duration,tb_energy_gain,tb_turns,category,effect,chance_of_effect,energy_cost,tb_energy_cost) values('62','Yawn','0','15','0','1.7','12','4','Fast Attack','','','','');"
63,Present,1,5,20,1.3,3,12,3,Fast Attack,,,,,"insert into go_moves (id,name,power,energy_return,tb_power,animation_duration,tb_energy_gain,tb_turns,category,effect,chance_of_effect,energy_cost,tb_energy_cost) values('63','Present','5','20','3','1.3','12','3','Fast Attack','','','','');"
64,Smack Down,6,16,8,1.2,12,8,3,Fast Attack,,,,,"insert into go_moves (id,name,power,energy_return,tb_power,animation_duration,tb_energy_gain,tb_turns,category,effect,chance_of_effect,energy_cost,tb_energy_cost) values('64','Smack Down','16','8','12','1.2','8','3','Fast Attack','','','','');"
65,Charm,18,20,11,1.5,15,6,3,Fast Attack,,,,,"insert into go_moves (id,name,power,energy_return,tb_power,animation_duration,tb_energy_gain,tb_turns,category,effect,chance_of_effect,energy_cost,tb_energy_cost) values('65','Charm','20','11','15','1.5','6','3','Fast Attack','','','','');"
66,Lock-On,1,1,6,0.3,1,5,1,Fast Attack,,,,,"insert into go_moves (id,name,power,energy_return,tb_power,animation_duration,tb_energy_gain,tb_turns,category,effect,chance_of_effect,energy_cost,tb_energy_cost) values('66','Lock-On','1','6','1','0.3','5','1','Fast Attack','','','','');"
67,Thunder Fang,13,12,16,1.2,8,5,2,Fast Attack,,,,,"insert into go_moves (id,name,power,energy_return,tb_power,animation_duration,tb_energy_gain,tb_turns,category,effect,chance_of_effect,energy_cost,tb_energy_cost) values('67','Thunder Fang','12','16','8','1.2','5','2','Fast Attack','','','','');"
68,Ice Fang,15,12,20,1.5,8,5,2,Fast Attack,,,,,"insert into go_moves (id,name,power,energy_return,tb_power,animation_duration,tb_energy_gain,tb_turns,category,effect,chance_of_effect,energy_cost,tb_energy_cost) values('68','Ice Fang','12','20','8','1.5','5','2','Fast Attack','','','','');"
69,Gust,3,25,20,2,16,12,4,Fast Attack,,,,,"insert into go_moves (id,name,power,energy_return,tb_power,animation_duration,tb_energy_gain,tb_turns,category,effect,chance_of_effect,energy_cost,tb_energy_cost) values('69','Gust','25','20','16','2','12','4','Fast Attack','','','','');"
70,Incinerate,10,29,20,2.3,15,20,5,Fast Attack,,,,,"insert into go_moves (id,name,power,energy_return,tb_power,animation_duration,tb_energy_gain,tb_turns,category,effect,chance_of_effect,energy_cost,tb_energy_cost) values('70','Incinerate','29','20','15','2.3','20','5','Fast Attack','','','','');"
71,Fairy Wind,18,9,13,0.97,3,9,2,Fast Attack,,,,,"insert into go_moves (id,name,power,energy_return,tb_power,animation_duration,tb_energy_gain,tb_turns,category,effect,chance_of_effect,energy_cost,tb_energy_cost) values('71','Fairy Wind','9','13','3','0.97','9','2','Fast Attack','','','','');"
72,Double Kick,2,10,13,1,8,12,3,Fast Attack,,,,,"insert into go_moves (id,name,power,energy_return,tb_power,animation_duration,tb_energy_gain,tb_turns,category,effect,chance_of_effect,energy_cost,tb_energy_cost) values('72','Double Kick','10','13','8','1','12','3','Fast Attack','','','','');"
73,Magical Leaf,12,16,16,1.4,10,10,3,Fast Attack,,,,,"insert into go_moves (id,name,power,energy_return,tb_power,animation_duration,tb_energy_gain,tb_turns,category,effect,chance_of_effect,energy_cost,tb_energy_cost) values('73','Magical Leaf','16','16','10','1.4','10','3','Fast Attack','','','','');"
74,Rollout,6,14,18,1.4,4,13,3,Fast Attack,,,,,"insert into go_moves (id,name,power,energy_return,tb_power,animation_duration,tb_energy_gain,tb_turns,category,effect,chance_of_effect,energy_cost,tb_energy_cost) values('74','Rollout','14','18','4','1.4','13','3','Fast Attack','','','','');"
75,Wrap,1,60,,2.9,60,,,Charged Attack,,,33,45,"insert into go_moves (id,name,power,energy_return,tb_power,animation_duration,tb_energy_gain,tb_turns,category,effect,chance_of_effect,energy_cost,tb_energy_cost) values('75','Wrap','60','','60','2.9','','','Charged Attack','','','33','45');"
76,Hyper Beam,1,150,,3.8,150,,,Charged Attack,,,100,80,"insert into go_moves (id,name,power,energy_return,tb_power,animation_duration,tb_energy_gain,tb_turns,category,effect,chance_of_effect,energy_cost,tb_energy_cost) values('76','Hyper Beam','150','','150','3.8','','','Charged Attack','','','100','80');"
77,Dark Pulse,17,80,,3,80,,,Charged Attack,,,50,50,"insert into go_moves (id,name,power,energy_return,tb_power,animation_duration,tb_energy_gain,tb_turns,category,effect,chance_of_effect,energy_cost,tb_energy_cost) values('77','Dark Pulse','80','','80','3','','','Charged Attack','','','50','50');"
78,Sludge,4,50,,2.1,50,,,Charged Attack,,,33,40,"insert into go_moves (id,name,power,energy_return,tb_power,animation_duration,tb_energy_gain,tb_turns,category,effect,chance_of_effect,energy_cost,tb_energy_cost) values('78','Sludge','50','','50','2.1','','','Charged Attack','','','33','40');"
79,Vise Grip,1,35,,1.9,40,,,Charged Attack,,,33,40,"insert into go_moves (id,name,power,energy_return,tb_power,animation_duration,tb_energy_gain,tb_turns,category,effect,chance_of_effect,energy_cost,tb_energy_cost) values('79','Vise Grip','35','','40','1.9','','','Charged Attack','','','33','40');"
80,Flame Wheel,10,60,,2.7,60,,,Charged Attack,,,50,55,"insert into go_moves (id,name,power,energy_return,tb_power,animation_duration,tb_energy_gain,tb_turns,category,effect,chance_of_effect,energy_cost,tb_energy_cost) values('80','Flame Wheel','60','','60','2.7','','','Charged Attack','','','50','55');"
81,Megahorn,7,110,,2.2,110,,,Charged Attack,,,100,55,"insert into go_moves (id,name,power,energy_return,tb_power,animation_duration,tb_energy_gain,tb_turns,category,effect,chance_of_effect,energy_cost,tb_energy_cost) values('81','Megahorn','110','','110','2.2','','','Charged Attack','','','100','55');"
82,Flamethrower,10,70,,2.2,90,,,Charged Attack,,,50,55,"insert into go_moves (id,name,power,energy_return,tb_power,animation_duration,tb_energy_gain,tb_turns,category,effect,chance_of_effect,energy_cost,tb_energy_cost) values('82','Flamethrower','70','','90','2.2','','','Charged Attack','','','50','55');"
83,Dig,5,100,,4.7,100,,,Charged Attack,,,50,80,"insert into go_moves (id,name,power,energy_return,tb_power,animation_duration,tb_energy_gain,tb_turns,category,effect,chance_of_effect,energy_cost,tb_energy_cost) values('83','Dig','100','','100','4.7','','','Charged Attack','','','50','80');"
84,Cross Chop,2,50,,1.5,50,,,Charged Attack,,,50,35,"insert into go_moves (id,name,power,energy_return,tb_power,animation_duration,tb_energy_gain,tb_turns,category,effect,chance_of_effect,energy_cost,tb_energy_cost) values('84','Cross Chop','50','','50','1.5','','','Charged Attack','','','50','35');"
85,Psybeam,14,70,,3.2,70,,,Charged Attack,,,50,60,"insert into go_moves (id,name,power,energy_return,tb_power,animation_duration,tb_energy_gain,tb_turns,category,effect,chance_of_effect,energy_cost,tb_energy_cost) values('85','Psybeam','70','','70','3.2','','','Charged Attack','','','50','60');"
86,Earthquake,5,140,,3.6,120,,,Charged Attack,,,100,65,"insert into go_moves (id,name,power,energy_return,tb_power,animation_duration,tb_energy_gain,tb_turns,category,effect,chance_of_effect,energy_cost,tb_energy_cost) values('86','Earthquake','140','','120','3.6','','','Charged Attack','','','100','65');"
87,Stone Edge,6,100,,2.3,100,,,Charged Attack,,,100,55,"insert into go_moves (id,name,power,energy_return,tb_power,animation_duration,tb_energy_gain,tb_turns,category,effect,chance_of_effect,energy_cost,tb_energy_cost) values('87','Stone Edge','100','','100','2.3','','','Charged Attack','','','100','55');"
88,Ice Punch,15,50,,1.9,55,,,Charged Attack,,,33,40,"insert into go_moves (id,name,power,energy_return,tb_power,animation_duration,tb_energy_gain,tb_turns,category,effect,chance_of_effect,energy_cost,tb_energy_cost) values('88','Ice Punch','50','','55','1.9','','','Charged Attack','','','33','40');"
89,Heart Stamp,14,40,,1.9,40,,,Charged Attack,,,33,40,"insert into go_moves (id,name,power,energy_return,tb_power,animation_duration,tb_energy_gain,tb_turns,category,effect,chance_of_effect,energy_cost,tb_energy_cost) values('89','Heart Stamp','40','','40','1.9','','','Charged Attack','','','33','40');"
90,Discharge,13,65,,2.5,65,,,Charged Attack,,,33,45,"insert into go_moves (id,name,power,energy_return,tb_power,animation_duration,tb_energy_gain,tb_turns,category,effect,chance_of_effect,energy_cost,tb_energy_cost) values('90','Discharge','65','','65','2.5','','','Charged Attack','','','33','45');"
91,Flash Cannon,9,100,,2.7,110,,,Charged Attack,,,100,70,"insert into go_moves (id,name,power,energy_return,tb_power,animation_duration,tb_energy_gain,tb_turns,category,effect,chance_of_effect,energy_cost,tb_energy_cost) values('91','Flash Cannon','100','','110','2.7','','','Charged Attack','','','100','70');"
92,Drill Peck,3,65,,2.3,65,,,Charged Attack,,,33,40,"insert into go_moves (id,name,power,energy_return,tb_power,animation_duration,tb_energy_gain,tb_turns,category,effect,chance_of_effect,energy_cost,tb_energy_cost) values('92','Drill Peck','65','','65','2.3','','','Charged Attack','','','33','40');"
93,Ice Beam,15,90,,3.3,90,,,Charged Attack,,,50,55,"insert into go_moves (id,name,power,energy_return,tb_power,animation_duration,tb_energy_gain,tb_turns,category,effect,chance_of_effect,energy_cost,tb_energy_cost) values('93','Ice Beam','90','','90','3.3','','','Charged Attack','','','50','55');"
94,Blizzard,15,130,,3.1,140,,,Charged Attack,,,100,75,"insert into go_moves (id,name,power,energy_return,tb_power,animation_duration,tb_energy_gain,tb_turns,category,effect,chance_of_effect,energy_cost,tb_energy_cost) values('94','Blizzard','130','','140','3.1','','','Charged Attack','','','100','75');"
95,Heat Wave,10,95,,3,95,,,Charged Attack,,,100,75,"insert into go_moves (id,name,power,energy_return,tb_power,animation_duration,tb_energy_gain,tb_turns,category,effect,chance_of_effect,energy_cost,tb_energy_cost) values('95','Heat Wave','95','','95','3','','','Charged Attack','','','100','75');"
96,Aerial Ace,3,55,,2.4,55,,,Charged Attack,,,33,45,"insert into go_moves (id,name,power,energy_return,tb_power,animation_duration,tb_energy_gain,tb_turns,category,effect,chance_of_effect,energy_cost,tb_energy_cost) values('96','Aerial Ace','55','','55','2.4','','','Charged Attack','','','33','45');"
97,Drill Run,5,80,,2.8,80,,,Charged Attack,,,50,45,"insert into go_moves (id,name,power,energy_return,tb_power,animation_duration,tb_energy_gain,tb_turns,category,effect,chance_of_effect,energy_cost,tb_energy_cost) values('97','Drill Run','80','','80','2.8','','','Charged Attack','','','50','45');"
98,Petal Blizzard,12,110,,2.6,110,,,Charged Attack,,,100,65,"insert into go_moves (id,name,power,energy_return,tb_power,animation_duration,tb_energy_gain,tb_turns,category,effect,chance_of_effect,energy_cost,tb_energy_cost) values('98','Petal Blizzard','110','','110','2.6','','','Charged Attack','','','100','65');"
99,Mega Drain,12,25,,2.6,25,,,Charged Attack,,,50,55,"insert into go_moves (id,name,power,energy_return,tb_power,animation_duration,tb_energy_gain,tb_turns,category,effect,chance_of_effect,energy_cost,tb_energy_cost) values('99','Mega Drain','25','','25','2.6','','','Charged Attack','','','50','55');"
100,Bug Buzz,7,90,,3.7,100,,,Charged Attack,drop by 1 stage Opponent Defense,30,50,60,"insert into go_moves (id,name,power,energy_return,tb_power,animation_duration,tb_energy_gain,tb_turns,category,effect,chance_of_effect,energy_cost,tb_energy_cost) values('100','Bug Buzz','90','','100','3.7','','','Charged Attack','drop by 1 stage Opponent Defense','30','50','60');"
101,Poison Fang,4,35,,1.7,40,,,Charged Attack,drop by 1 stage Opponent Defense,100,33,40,"insert into go_moves (id,name,power,energy_return,tb_power,animation_duration,tb_energy_gain,tb_turns,category,effect,chance_of_effect,energy_cost,tb_energy_cost) values('101','Poison Fang','35','','40','1.7','','','Charged Attack','drop by 1 stage Opponent Defense','100','33','40');"
102,Night Slash,17,50,,2.2,50,,,Charged Attack,boost by 2 stages Attack,13,33,35,"insert into go_moves (id,name,power,energy_return,tb_power,animation_duration,tb_energy_gain,tb_turns,category,effect,chance_of_effect,energy_cost,tb_energy_cost) values('102','Night Slash','50','','50','2.2','','','Charged Attack','boost by 2 stages Attack','13','33','35');"
103,Bubble Beam,11,45,,1.9,25,,,Charged Attack,drop by 1 stage Opponent Attack,100,33,40,"insert into go_moves (id,name,power,energy_return,tb_power,animation_duration,tb_energy_gain,tb_turns,category,effect,chance_of_effect,energy_cost,tb_energy_cost) values('103','Bubble Beam','45','','25','1.9','','','Charged Attack','drop by 1 stage Opponent Attack','100','33','40');"
104,Submission,2,60,,2.2,60,,,Charged Attack,,,50,50,"insert into go_moves (id,name,power,energy_return,tb_power,animation_duration,tb_energy_gain,tb_turns,category,effect,chance_of_effect,energy_cost,tb_energy_cost) values('104','Submission','60','','60','2.2','','','Charged Attack','','','50','50');"
105,Low Sweep,2,40,,1.9,40,,,Charged Attack,,,33,40,"insert into go_moves (id,name,power,energy_return,tb_power,animation_duration,tb_energy_gain,tb_turns,category,effect,chance_of_effect,energy_cost,tb_energy_cost) values('105','Low Sweep','40','','40','1.9','','','Charged Attack','','','33','40');"
106,Aqua Jet,11,45,,2.6,45,,,Charged Attack,,,33,45,"insert into go_moves (id,name,power,energy_return,tb_power,animation_duration,tb_energy_gain,tb_turns,category,effect,chance_of_effect,energy_cost,tb_energy_cost) values('106','Aqua Jet','45','','45','2.6','','','Charged Attack','','','33','45');"
107,Aqua Tail,11,50,,1.9,50,,,Charged Attack,,,33,35,"insert into go_moves (id,name,power,energy_return,tb_power,animation_duration,tb_energy_gain,tb_turns,category,effect,chance_of_effect,energy_cost,tb_energy_cost) values('107','Aqua Tail','50','','50','1.9','','','Charged Attack','','','33','35');"
108,Seed Bomb,12,55,,2.1,55,,,Charged Attack,,,33,40,"insert into go_moves (id,name,power,energy_return,tb_power,animation_duration,tb_energy_gain,tb_turns,category,effect,chance_of_effect,energy_cost,tb_energy_cost) values('108','Seed Bomb','55','','55','2.1','','','Charged Attack','','','33','40');"
109,Psyshock,14,65,,2.7,70,,,Charged Attack,,,33,45,"insert into go_moves (id,name,power,energy_return,tb_power,animation_duration,tb_energy_gain,tb_turns,category,effect,chance_of_effect,energy_cost,tb_energy_cost) values('109','Psyshock','65','','70','2.7','','','Charged Attack','','','33','45');"
110,Ancient Power,6,70,,3.5,60,,,Charged Attack,boost by 1 stage Attack,10,33,45,"insert into go_moves (id,name,power,energy_return,tb_power,animation_duration,tb_energy_gain,tb_turns,category,effect,chance_of_effect,energy_cost,tb_energy_cost) values('110','Ancient Power','70','','60','3.5','','','Charged Attack','boost by 1 stage Attack','10','33','45');"
111,Rock Tomb,6,70,,3.2,70,,,Charged Attack,drop by 1 stage Opponent Attack,100,50,60,"insert into go_moves (id,name,power,energy_return,tb_power,animation_duration,tb_energy_gain,tb_turns,category,effect,chance_of_effect,energy_cost,tb_energy_cost) values('111','Rock Tomb','70','','70','3.2','','','Charged Attack','drop by 1 stage Opponent Attack','100','50','60');"
112,Rock Slide,6,80,,2.7,75,,,Charged Attack,,,50,45,"insert into go_moves (id,name,power,energy_return,tb_power,animation_duration,tb_energy_gain,tb_turns,category,effect,chance_of_effect,energy_cost,tb_energy_cost) values('112','Rock Slide','80','','75','2.7','','','Charged Attack','','','50','45');"
113,Power Gem,6,80,,2.9,80,,,Charged Attack,,,50,60,"insert into go_moves (id,name,power,energy_return,tb_power,animation_duration,tb_energy_gain,tb_turns,category,effect,chance_of_effect,energy_cost,tb_energy_cost) values('113','Power Gem','80','','80','2.9','','','Charged Attack','','','50','60');"
114,Shadow Sneak,8,50,,2.9,50,,,Charged Attack,,,33,45,"insert into go_moves (id,name,power,energy_return,tb_power,animation_duration,tb_energy_gain,tb_turns,category,effect,chance_of_effect,energy_cost,tb_energy_cost) values('114','Shadow Sneak','50','','50','2.9','','','Charged Attack','','','33','45');"
115,Shadow Punch,8,40,,1.7,40,,,Charged Attack,,,33,35,"insert into go_moves (id,name,power,energy_return,tb_power,animation_duration,tb_energy_gain,tb_turns,category,effect,chance_of_effect,energy_cost,tb_energy_cost) values('115','Shadow Punch','40','','40','1.7','','','Charged Attack','','','33','35');"
116,Ominous Wind,8,50,,2.3,45,,,Charged Attack,boost by 1 stage Attack,10,33,45,"insert into go_moves (id,name,power,energy_return,tb_power,animation_duration,tb_energy_gain,tb_turns,category,effect,chance_of_effect,energy_cost,tb_energy_cost) values('116','Ominous Wind','50','','45','2.3','','','Charged Attack','boost by 1 stage Attack','10','33','45');"
117,Shadow Ball,8,100,,3,100,,,Charged Attack,,,50,55,"insert into go_moves (id,name,power,energy_return,tb_power,animation_duration,tb_energy_gain,tb_turns,category,effect,chance_of_effect,energy_cost,tb_energy_cost) values('117','Shadow Ball','100','','100','3','','','Charged Attack','','','50','55');"
118,Magnet Bomb,9,70,,2.8,70,,,Charged Attack,,,33,45,"insert into go_moves (id,name,power,energy_return,tb_power,animation_duration,tb_energy_gain,tb_turns,category,effect,chance_of_effect,energy_cost,tb_energy_cost) values('118','Magnet Bomb','70','','70','2.8','','','Charged Attack','','','33','45');"
119,Iron Head,9,60,,1.9,70,,,Charged Attack,,,50,50,"insert into go_moves (id,name,power,energy_return,tb_power,animation_duration,tb_energy_gain,tb_turns,category,effect,chance_of_effect,energy_cost,tb_energy_cost) values('119','Iron Head','60','','70','1.9','','','Charged Attack','','','50','50');"
120,Parabolic Charge,13,25,,2.8,25,,,Charged Attack,,,50,55,"insert into go_moves (id,name,power,energy_return,tb_power,animation_duration,tb_energy_gain,tb_turns,category,effect,chance_of_effect,energy_cost,tb_energy_cost) values('120','Parabolic Charge','25','','25','2.8','','','Charged Attack','','','50','55');"
121,Thunder Punch,13,45,,1.8,55,,,Charged Attack,,,33,40,"insert into go_moves (id,name,power,energy_return,tb_power,animation_duration,tb_energy_gain,tb_turns,category,effect,chance_of_effect,energy_cost,tb_energy_cost) values('121','Thunder Punch','45','','55','1.8','','','Charged Attack','','','33','40');"
122,Thunder,13,100,,2.4,100,,,Charged Attack,,,100,60,"insert into go_moves (id,name,power,energy_return,tb_power,animation_duration,tb_energy_gain,tb_turns,category,effect,chance_of_effect,energy_cost,tb_energy_cost) values('122','Thunder','100','','100','2.4','','','Charged Attack','','','100','60');"
123,Thunderbolt,13,80,,2.5,90,,,Charged Attack,,,50,55,"insert into go_moves (id,name,power,energy_return,tb_power,animation_duration,tb_energy_gain,tb_turns,category,effect,chance_of_effect,energy_cost,tb_energy_cost) values('123','Thunderbolt','80','','90','2.5','','','Charged Attack','','','50','55');"
124,Twister,16,45,,2.8,45,,,Charged Attack,,,33,45,"insert into go_moves (id,name,power,energy_return,tb_power,animation_duration,tb_energy_gain,tb_turns,category,effect,chance_of_effect,energy_cost,tb_energy_cost) values('124','Twister','45','','45','2.8','','','Charged Attack','','','33','45');"
125,Dragon Pulse,16,90,,3.6,90,,,Charged Attack,,,50,60,"insert into go_moves (id,name,power,energy_return,tb_power,animation_duration,tb_energy_gain,tb_turns,category,effect,chance_of_effect,energy_cost,tb_energy_cost) values('125','Dragon Pulse','90','','90','3.6','','','Charged Attack','','','50','60');"
126,Dragon Claw,16,50,,1.7,50,,,Charged Attack,,,33,35,"insert into go_moves (id,name,power,energy_return,tb_power,animation_duration,tb_energy_gain,tb_turns,category,effect,chance_of_effect,energy_cost,tb_energy_cost) values('126','Dragon Claw','50','','50','1.7','','','Charged Attack','','','33','35');"
127,Disarming Voice,18,70,,3.9,70,,,Charged Attack,,,33,45,"insert into go_moves (id,name,power,energy_return,tb_power,animation_duration,tb_energy_gain,tb_turns,category,effect,chance_of_effect,energy_cost,tb_energy_cost) values('127','Disarming Voice','70','','70','3.9','','','Charged Attack','','','33','45');"
128,Draining Kiss,18,60,,2.6,60,,,Charged Attack,,,50,55,"insert into go_moves (id,name,power,energy_return,tb_power,animation_duration,tb_energy_gain,tb_turns,category,effect,chance_of_effect,energy_cost,tb_energy_cost) values('128','Draining Kiss','60','','60','2.6','','','Charged Attack','','','50','55');"
129,Dazzling Gleam,18,100,,3.5,110,,,Charged Attack,,,50,70,"insert into go_moves (id,name,power,energy_return,tb_power,animation_duration,tb_energy_gain,tb_turns,category,effect,chance_of_effect,energy_cost,tb_energy_cost) values('129','Dazzling Gleam','100','','110','3.5','','','Charged Attack','','','50','70');"
130,Moonblast,18,130,,3.9,110,,,Charged Attack,drop by 1 stage Opponent Attack,10,100,60,"insert into go_moves (id,name,power,energy_return,tb_power,animation_duration,tb_energy_gain,tb_turns,category,effect,chance_of_effect,energy_cost,tb_energy_cost) values('130','Moonblast','130','','110','3.9','','','Charged Attack','drop by 1 stage Opponent Attack','10','100','60');"
131,Play Rough,18,90,,2.9,90,,,Charged Attack,,,50,60,"insert into go_moves (id,name,power,energy_return,tb_power,animation_duration,tb_energy_gain,tb_turns,category,effect,chance_of_effect,energy_cost,tb_energy_cost) values('131','Play Rough','90','','90','2.9','','','Charged Attack','','','50','60');"
132,Cross Poison,4,40,,1.5,50,,,Charged Attack,boost by 2 stages Attack,13,33,35,"insert into go_moves (id,name,power,energy_return,tb_power,animation_duration,tb_energy_gain,tb_turns,category,effect,chance_of_effect,energy_cost,tb_energy_cost) values('132','Cross Poison','40','','50','1.5','','','Charged Attack','boost by 2 stages Attack','13','33','35');"
133,Sludge Bomb,4,80,,2.3,80,,,Charged Attack,,,50,50,"insert into go_moves (id,name,power,energy_return,tb_power,animation_duration,tb_energy_gain,tb_turns,category,effect,chance_of_effect,energy_cost,tb_energy_cost) values('133','Sludge Bomb','80','','80','2.3','','','Charged Attack','','','50','50');"
134,Sludge Wave,4,110,,3.2,110,,,Charged Attack,,,100,65,"insert into go_moves (id,name,power,energy_return,tb_power,animation_duration,tb_energy_gain,tb_turns,category,effect,chance_of_effect,energy_cost,tb_energy_cost) values('134','Sludge Wave','110','','110','3.2','','','Charged Attack','','','100','65');"
135,Gunk Shot,4,130,,3.1,130,,,Charged Attack,,,100,75,"insert into go_moves (id,name,power,energy_return,tb_power,animation_duration,tb_energy_gain,tb_turns,category,effect,chance_of_effect,energy_cost,tb_energy_cost) values('135','Gunk Shot','130','','130','3.1','','','Charged Attack','','','100','75');"
136,Bone Club,5,40,,1.6,40,,,Charged Attack,,,33,35,"insert into go_moves (id,name,power,energy_return,tb_power,animation_duration,tb_energy_gain,tb_turns,category,effect,chance_of_effect,energy_cost,tb_energy_cost) values('136','Bone Club','40','','40','1.6','','','Charged Attack','','','33','35');"
137,Bulldoze,5,80,,3.5,80,,,Charged Attack,,,50,60,"insert into go_moves (id,name,power,energy_return,tb_power,animation_duration,tb_energy_gain,tb_turns,category,effect,chance_of_effect,energy_cost,tb_energy_cost) values('137','Bulldoze','80','','80','3.5','','','Charged Attack','','','50','60');"
138,Mud Bomb,5,55,,2.3,55,,,Charged Attack,,,33,40,"insert into go_moves (id,name,power,energy_return,tb_power,animation_duration,tb_energy_gain,tb_turns,category,effect,chance_of_effect,energy_cost,tb_energy_cost) values('138','Mud Bomb','55','','55','2.3','','','Charged Attack','','','33','40');"
139,Signal Beam,7,75,,2.9,75,,,Charged Attack,drop by 1 stage Opponent Attack,20,50,55,"insert into go_moves (id,name,power,energy_return,tb_power,animation_duration,tb_energy_gain,tb_turns,category,effect,chance_of_effect,energy_cost,tb_energy_cost) values('139','Signal Beam','75','','75','2.9','','','Charged Attack','drop by 1 stage Opponent Attack','20','50','55');"
140,X-Scissor,7,45,,1.6,45,,,Charged Attack,,,33,35,"insert into go_moves (id,name,power,energy_return,tb_power,animation_duration,tb_energy_gain,tb_turns,category,effect,chance_of_effect,energy_cost,tb_energy_cost) values('140','X-Scissor','45','','45','1.6','','','Charged Attack','','','33','35');"
141,Flame Charge,10,70,,3.8,65,,,Charged Attack,boost by 1 stage Attack,100,33,50,"insert into go_moves (id,name,power,energy_return,tb_power,animation_duration,tb_energy_gain,tb_turns,category,effect,chance_of_effect,energy_cost,tb_energy_cost) values('141','Flame Charge','70','','65','3.8','','','Charged Attack','boost by 1 stage Attack','100','33','50');"
142,Flame Burst,10,70,,2.6,70,,,Charged Attack,,,50,55,"insert into go_moves (id,name,power,energy_return,tb_power,animation_duration,tb_energy_gain,tb_turns,category,effect,chance_of_effect,energy_cost,tb_energy_cost) values('142','Flame Burst','70','','70','2.6','','','Charged Attack','','','50','55');"
143,Fire Blast,10,140,,4.2,140,,,Charged Attack,,,100,80,"insert into go_moves (id,name,power,energy_return,tb_power,animation_duration,tb_energy_gain,tb_turns,category,effect,chance_of_effect,energy_cost,tb_energy_cost) values('143','Fire Blast','140','','140','4.2','','','Charged Attack','','','100','80');"
144,Brine,11,60,,2.3,60,,,Charged Attack,,,50,50,"insert into go_moves (id,name,power,energy_return,tb_power,animation_duration,tb_energy_gain,tb_turns,category,effect,chance_of_effect,energy_cost,tb_energy_cost) values('144','Brine','60','','60','2.3','','','Charged Attack','','','50','50');"
145,Water Pulse,11,70,,3.2,70,,,Charged Attack,,,50,60,"insert into go_moves (id,name,power,energy_return,tb_power,animation_duration,tb_energy_gain,tb_turns,category,effect,chance_of_effect,energy_cost,tb_energy_cost) values('145','Water Pulse','70','','70','3.2','','','Charged Attack','','','50','60');"
146,Scald,11,80,,3.7,80,,,Charged Attack,drop by 1 stage Opponent Attack,30,50,50,"insert into go_moves (id,name,power,energy_return,tb_power,animation_duration,tb_energy_gain,tb_turns,category,effect,chance_of_effect,energy_cost,tb_energy_cost) values('146','Scald','80','','80','3.7','','','Charged Attack','drop by 1 stage Opponent Attack','30','50','50');"
147,Hydro Pump,11,130,,3.3,130,,,Charged Attack,,,100,75,"insert into go_moves (id,name,power,energy_return,tb_power,animation_duration,tb_energy_gain,tb_turns,category,effect,chance_of_effect,energy_cost,tb_energy_cost) values('147','Hydro Pump','130','','130','3.3','','','Charged Attack','','','100','75');"
148,14,14,90,,2.8,90,,,Charged Attack,drop by 1 stage Opponent Defense,10,50,55,"insert into go_moves (id,name,power,energy_return,tb_power,animation_duration,tb_energy_gain,tb_turns,category,effect,chance_of_effect,energy_cost,tb_energy_cost) values('148','14','90','','90','2.8','','','Charged Attack','drop by 1 stage Opponent Defense','10','50','55');"
149,Psystrike,14,90,,2.3,90,,,Charged Attack,,,50,45,"insert into go_moves (id,name,power,energy_return,tb_power,animation_duration,tb_energy_gain,tb_turns,category,effect,chance_of_effect,energy_cost,tb_energy_cost) values('149','Psystrike','90','','90','2.3','','','Charged Attack','','','50','45');"
150,Icy Wind,15,60,,3.3,60,,,Charged Attack,drop by 1 stage Opponent Attack,100,33,45,"insert into go_moves (id,name,power,energy_return,tb_power,animation_duration,tb_energy_gain,tb_turns,category,effect,chance_of_effect,energy_cost,tb_energy_cost) values('150','Icy Wind','60','','60','3.3','','','Charged Attack','drop by 1 stage Opponent Attack','100','33','45');"
151,Giga Drain,12,50,,3.9,50,,,Charged Attack,,,100,80,"insert into go_moves (id,name,power,energy_return,tb_power,animation_duration,tb_energy_gain,tb_turns,category,effect,chance_of_effect,energy_cost,tb_energy_cost) values('151','Giga Drain','50','','50','3.9','','','Charged Attack','','','100','80');"
152,Fire Punch,10,55,,2.2,55,,,Charged Attack,,,33,40,"insert into go_moves (id,name,power,energy_return,tb_power,animation_duration,tb_energy_gain,tb_turns,category,effect,chance_of_effect,energy_cost,tb_energy_cost) values('152','Fire Punch','55','','55','2.2','','','Charged Attack','','','33','40');"
153,Solar Beam,12,180,,4.9,150,,,Charged Attack,,,100,80,"insert into go_moves (id,name,power,energy_return,tb_power,animation_duration,tb_energy_gain,tb_turns,category,effect,chance_of_effect,energy_cost,tb_energy_cost) values('153','Solar Beam','180','','150','4.9','','','Charged Attack','','','100','80');"
154,Leaf Blade,12,70,,2.4,70,,,Charged Attack,,,33,35,"insert into go_moves (id,name,power,energy_return,tb_power,animation_duration,tb_energy_gain,tb_turns,category,effect,chance_of_effect,energy_cost,tb_energy_cost) values('154','Leaf Blade','70','','70','2.4','','','Charged Attack','','','33','35');"
155,Power Whip,12,90,,2.6,90,,,Charged Attack,,,50,50,"insert into go_moves (id,name,power,energy_return,tb_power,animation_duration,tb_energy_gain,tb_turns,category,effect,chance_of_effect,energy_cost,tb_energy_cost) values('155','Power Whip','90','','90','2.6','','','Charged Attack','','','50','50');"
156,Air Cutter,3,60,,2.7,60,,,Charged Attack,,,50,55,"insert into go_moves (id,name,power,energy_return,tb_power,animation_duration,tb_energy_gain,tb_turns,category,effect,chance_of_effect,energy_cost,tb_energy_cost) values('156','Air Cutter','60','','60','2.7','','','Charged Attack','','','50','55');"
157,Hurricane,3,110,,2.7,110,,,Charged Attack,,,100,65,"insert into go_moves (id,name,power,energy_return,tb_power,animation_duration,tb_energy_gain,tb_turns,category,effect,chance_of_effect,energy_cost,tb_energy_cost) values('157','Hurricane','110','','110','2.7','','','Charged Attack','','','100','65');"
158,Brick Break,2,40,,1.6,40,,,Charged Attack,,,33,35,"insert into go_moves (id,name,power,energy_return,tb_power,animation_duration,tb_energy_gain,tb_turns,category,effect,chance_of_effect,energy_cost,tb_energy_cost) values('158','Brick Break','40','','40','1.6','','','Charged Attack','','','33','35');"
159,Swift,1,60,,2.8,60,,,Charged Attack,,,50,55,"insert into go_moves (id,name,power,energy_return,tb_power,animation_duration,tb_energy_gain,tb_turns,category,effect,chance_of_effect,energy_cost,tb_energy_cost) values('159','Swift','60','','60','2.8','','','Charged Attack','','','50','55');"
160,Horn Attack,1,40,,1.85,40,,,Charged Attack,,,33,35,"insert into go_moves (id,name,power,energy_return,tb_power,animation_duration,tb_energy_gain,tb_turns,category,effect,chance_of_effect,energy_cost,tb_energy_cost) values('160','Horn Attack','40','','40','1.85','','','Charged Attack','','','33','35');"
161,Stomp,1,55,,1.7,55,,,Charged Attack,,,50,40,"insert into go_moves (id,name,power,energy_return,tb_power,animation_duration,tb_energy_gain,tb_turns,category,effect,chance_of_effect,energy_cost,tb_energy_cost) values('161','Stomp','55','','55','1.7','','','Charged Attack','','','50','40');"
162,Hyper Fang,1,80,,2.5,80,,,Charged Attack,,,50,50,"insert into go_moves (id,name,power,energy_return,tb_power,animation_duration,tb_energy_gain,tb_turns,category,effect,chance_of_effect,energy_cost,tb_energy_cost) values('162','Hyper Fang','80','','80','2.5','','','Charged Attack','','','50','50');"
163,Body Slam,1,50,,1.9,60,,,Charged Attack,,,33,35,"insert into go_moves (id,name,power,energy_return,tb_power,animation_duration,tb_energy_gain,tb_turns,category,effect,chance_of_effect,energy_cost,tb_energy_cost) values('163','Body Slam','50','','60','1.9','','','Charged Attack','','','33','35');"
164,Rest,1,50,,1.9,50,,,Charged Attack,,,33,35,"insert into go_moves (id,name,power,energy_return,tb_power,animation_duration,tb_energy_gain,tb_turns,category,effect,chance_of_effect,energy_cost,tb_energy_cost) values('164','Rest','50','','50','1.9','','','Charged Attack','','','33','35');"
165,Struggle,1,35,,2.2,35,,,Charged Attack,,,0,100,"insert into go_moves (id,name,power,energy_return,tb_power,animation_duration,tb_energy_gain,tb_turns,category,effect,chance_of_effect,energy_cost,tb_energy_cost) values('165','Struggle','35','','35','2.2','','','Charged Attack','','','0','100');"
166,Scald (Blastoise),11,50,,4.7,50,,,Charged Attack,,,100,80,"insert into go_moves (id,name,power,energy_return,tb_power,animation_duration,tb_energy_gain,tb_turns,category,effect,chance_of_effect,energy_cost,tb_energy_cost) values('166','Scald (Blastoise)','50','','50','4.7','','','Charged Attack','','','100','80');"
167,Hydro Pump (Blastoise),11,90,,4.5,90,,,Charged Attack,,,100,80,"insert into go_moves (id,name,power,energy_return,tb_power,animation_duration,tb_energy_gain,tb_turns,category,effect,chance_of_effect,energy_cost,tb_energy_cost) values('167','Hydro Pump (Blastoise)','90','','90','4.5','','','Charged Attack','','','100','80');"
168,Wrap (Green),1,25,,2.9,25,,,Charged Attack,,,33,45,"insert into go_moves (id,name,power,energy_return,tb_power,animation_duration,tb_energy_gain,tb_turns,category,effect,chance_of_effect,energy_cost,tb_energy_cost) values('168','Wrap (Green)','25','','25','2.9','','','Charged Attack','','','33','45');"
169,Wrap (Pink),1,25,,2.9,25,,,Charged Attack,,,33,45,"insert into go_moves (id,name,power,energy_return,tb_power,animation_duration,tb_energy_gain,tb_turns,category,effect,chance_of_effect,energy_cost,tb_energy_cost) values('169','Wrap (Pink)','25','','25','2.9','','','Charged Attack','','','33','45');"
170,Close Combat,2,100,,2.3,100,,,Charged Attack,drop by 2 stages Defense,100,100,45,"insert into go_moves (id,name,power,energy_return,tb_power,animation_duration,tb_energy_gain,tb_turns,category,effect,chance_of_effect,energy_cost,tb_energy_cost) values('170','Close Combat','100','','100','2.3','','','Charged Attack','drop by 2 stages Defense','100','100','45');"
171,Dynamic Punch,2,90,,2.7,90,,,Charged Attack,,,50,50,"insert into go_moves (id,name,power,energy_return,tb_power,animation_duration,tb_energy_gain,tb_turns,category,effect,chance_of_effect,energy_cost,tb_energy_cost) values('171','Dynamic Punch','90','','90','2.7','','','Charged Attack','','','50','50');"
172,Focus Blast,2,140,,3.5,150,,,Charged Attack,,,100,75,"insert into go_moves (id,name,power,energy_return,tb_power,animation_duration,tb_energy_gain,tb_turns,category,effect,chance_of_effect,energy_cost,tb_energy_cost) values('172','Focus Blast','140','','150','3.5','','','Charged Attack','','','100','75');"
173,Aurora Beam,15,80,,3.55,80,,,Charged Attack,,,50,60,"insert into go_moves (id,name,power,energy_return,tb_power,animation_duration,tb_energy_gain,tb_turns,category,effect,chance_of_effect,energy_cost,tb_energy_cost) values('173','Aurora Beam','80','','80','3.55','','','Charged Attack','','','50','60');"
174,Wild Charge,13,90,,2.6,100,,,Charged Attack,drop by 2 stages Defense,100,50,45,"insert into go_moves (id,name,power,energy_return,tb_power,animation_duration,tb_energy_gain,tb_turns,category,effect,chance_of_effect,energy_cost,tb_energy_cost) values('174','Wild Charge','90','','100','2.6','','','Charged Attack','drop by 2 stages Defense','100','50','45');"
175,Zap Cannon,13,140,,3.7,150,,,Charged Attack,drop by 1 stage Opponent Attack,66,100,80,"insert into go_moves (id,name,power,energy_return,tb_power,animation_duration,tb_energy_gain,tb_turns,category,effect,chance_of_effect,energy_cost,tb_energy_cost) values('175','Zap Cannon','140','','150','3.7','','','Charged Attack','drop by 1 stage Opponent Attack','66','100','80');"
176,Avalanche,15,90,,2.7,90,,,Charged Attack,,,50,45,"insert into go_moves (id,name,power,energy_return,tb_power,animation_duration,tb_energy_gain,tb_turns,category,effect,chance_of_effect,energy_cost,tb_energy_cost) values('176','Avalanche','90','','90','2.7','','','Charged Attack','','','50','45');"
177,Brave Bird,3,130,,2,130,,,Charged Attack,drop by 3 stages Defense,100,100,55,"insert into go_moves (id,name,power,energy_return,tb_power,animation_duration,tb_energy_gain,tb_turns,category,effect,chance_of_effect,energy_cost,tb_energy_cost) values('177','Brave Bird','130','','130','2','','','Charged Attack','drop by 3 stages Defense','100','100','55');"
178,Sky Attack,3,80,,2,75,,,Charged Attack,,,50,45,"insert into go_moves (id,name,power,energy_return,tb_power,animation_duration,tb_energy_gain,tb_turns,category,effect,chance_of_effect,energy_cost,tb_energy_cost) values('178','Sky Attack','80','','75','2','','','Charged Attack','','','50','45');"
179,Sand Tomb,5,60,,4,25,,,Charged Attack,drop by 1 stage Opponent Defense,100,33,40,"insert into go_moves (id,name,power,energy_return,tb_power,animation_duration,tb_energy_gain,tb_turns,category,effect,chance_of_effect,energy_cost,tb_energy_cost) values('179','Sand Tomb','60','','25','4','','','Charged Attack','drop by 1 stage Opponent Defense','100','33','40');"
180,Rock Blast,6,50,,2.1,50,,,Charged Attack,,,33,40,"insert into go_moves (id,name,power,energy_return,tb_power,animation_duration,tb_energy_gain,tb_turns,category,effect,chance_of_effect,energy_cost,tb_energy_cost) values('180','Rock Blast','50','','50','2.1','','','Charged Attack','','','33','40');"
181,Silver Wind,7,70,,3.7,60,,,Charged Attack,boost by 1 stage Attack,10,33,45,"insert into go_moves (id,name,power,energy_return,tb_power,animation_duration,tb_energy_gain,tb_turns,category,effect,chance_of_effect,energy_cost,tb_energy_cost) values('181','Silver Wind','70','','60','3.7','','','Charged Attack','boost by 1 stage Attack','10','33','45');"
182,Night Shade,8,60,,2.6,60,,,Charged Attack,,,50,55,"insert into go_moves (id,name,power,energy_return,tb_power,animation_duration,tb_energy_gain,tb_turns,category,effect,chance_of_effect,energy_cost,tb_energy_cost) values('182','Night Shade','60','','60','2.6','','','Charged Attack','','','50','55');"
183,Gyro Ball,9,80,,3.3,80,,,Charged Attack,,,50,60,"insert into go_moves (id,name,power,energy_return,tb_power,animation_duration,tb_energy_gain,tb_turns,category,effect,chance_of_effect,energy_cost,tb_energy_cost) values('183','Gyro Ball','80','','80','3.3','','','Charged Attack','','','50','60');"
184,Heavy Slam,9,70,,2.1,70,,,Charged Attack,,,50,50,"insert into go_moves (id,name,power,energy_return,tb_power,animation_duration,tb_energy_gain,tb_turns,category,effect,chance_of_effect,energy_cost,tb_energy_cost) values('184','Heavy Slam','70','','70','2.1','','','Charged Attack','','','50','50');"
185,Overheat,10,160,,4,130,,,Charged Attack,drop by 2 stages Attack,100,100,55,"insert into go_moves (id,name,power,energy_return,tb_power,animation_duration,tb_energy_gain,tb_turns,category,effect,chance_of_effect,energy_cost,tb_energy_cost) values('185','Overheat','160','','130','4','','','Charged Attack','drop by 2 stages Attack','100','100','55');"
186,Grass Knot,12,90,,2.6,90,,,Charged Attack,,,50,50,"insert into go_moves (id,name,power,energy_return,tb_power,animation_duration,tb_energy_gain,tb_turns,category,effect,chance_of_effect,energy_cost,tb_energy_cost) values('186','Grass Knot','90','','90','2.6','','','Charged Attack','','','50','50');"
187,Energy Ball,12,90,,3.9,90,,,Charged Attack,drop by 1 stage Opponent Defense,10,50,55,"insert into go_moves (id,name,power,energy_return,tb_power,animation_duration,tb_energy_gain,tb_turns,category,effect,chance_of_effect,energy_cost,tb_energy_cost) values('187','Energy Ball','90','','90','3.9','','','Charged Attack','drop by 1 stage Opponent Defense','10','50','55');"
188,Future Sight,14,120,,2.7,120,,,Charged Attack,,,100,65,"insert into go_moves (id,name,power,energy_return,tb_power,animation_duration,tb_energy_gain,tb_turns,category,effect,chance_of_effect,energy_cost,tb_energy_cost) values('188','Future Sight','120','','120','2.7','','','Charged Attack','','','100','65');"
189,Mirror Coat,14,60,,2.6,60,,,Charged Attack,,,50,55,"insert into go_moves (id,name,power,energy_return,tb_power,animation_duration,tb_energy_gain,tb_turns,category,effect,chance_of_effect,energy_cost,tb_energy_cost) values('189','Mirror Coat','60','','60','2.6','','','Charged Attack','','','50','55');"
190,Outrage,16,110,,3.9,110,,,Charged Attack,,,50,60,"insert into go_moves (id,name,power,energy_return,tb_power,animation_duration,tb_energy_gain,tb_turns,category,effect,chance_of_effect,energy_cost,tb_energy_cost) values('190','Outrage','110','','110','3.9','','','Charged Attack','','','50','60');"
191,Crunch,17,70,,3.2,70,,,Charged Attack,drop by 1 stage Opponent Defense,30,33,45,"insert into go_moves (id,name,power,energy_return,tb_power,animation_duration,tb_energy_gain,tb_turns,category,effect,chance_of_effect,energy_cost,tb_energy_cost) values('191','Crunch','70','','70','3.2','','','Charged Attack','drop by 1 stage Opponent Defense','30','33','45');"
192,Foul Play,17,70,,2,70,,,Charged Attack,,,50,45,"insert into go_moves (id,name,power,energy_return,tb_power,animation_duration,tb_energy_gain,tb_turns,category,effect,chance_of_effect,energy_cost,tb_energy_cost) values('192','Foul Play','70','','70','2','','','Charged Attack','','','50','45');"
193,Surf,11,65,,1.7,65,,,Charged Attack,,,50,40,"insert into go_moves (id,name,power,energy_return,tb_power,animation_duration,tb_energy_gain,tb_turns,category,effect,chance_of_effect,energy_cost,tb_energy_cost) values('193','Surf','65','','65','1.7','','','Charged Attack','','','50','40');"
194,Draco Meteor,16,150,,3.6,150,,,Charged Attack,drop by 2 stages Attack,100,100,65,"insert into go_moves (id,name,power,energy_return,tb_power,animation_duration,tb_energy_gain,tb_turns,category,effect,chance_of_effect,energy_cost,tb_energy_cost) values('194','Draco Meteor','150','','150','3.6','','','Charged Attack','drop by 2 stages Attack','100','100','65');"
195,Doom Desire,9,70,,1.7,75,,,Charged Attack,,,33,40,"insert into go_moves (id,name,power,energy_return,tb_power,animation_duration,tb_energy_gain,tb_turns,category,effect,chance_of_effect,energy_cost,tb_energy_cost) values('195','Doom Desire','70','','75','1.7','','','Charged Attack','','','33','40');"
196,Psycho Boost,14,70,,4,70,,,Charged Attack,drop by 2 stages Attack,100,50,35,"insert into go_moves (id,name,power,energy_return,tb_power,animation_duration,tb_energy_gain,tb_turns,category,effect,chance_of_effect,energy_cost,tb_energy_cost) values('196','Psycho Boost','70','','70','4','','','Charged Attack','drop by 2 stages Attack','100','50','35');"
197,Origin Pulse,11,130,,1.7,130,,,Charged Attack,,,100,60,"insert into go_moves (id,name,power,energy_return,tb_power,animation_duration,tb_energy_gain,tb_turns,category,effect,chance_of_effect,energy_cost,tb_energy_cost) values('197','Origin Pulse','130','','130','1.7','','','Charged Attack','','','100','60');"
198,Precipice Blades,5,130,,1.7,130,,,Charged Attack,,,100,60,"insert into go_moves (id,name,power,energy_return,tb_power,animation_duration,tb_energy_gain,tb_turns,category,effect,chance_of_effect,energy_cost,tb_energy_cost) values('198','Precipice Blades','130','','130','1.7','','','Charged Attack','','','100','60');"
199,Weather Ball,10,55,,1.6,55,,,Charged Attack,,,33,35,"insert into go_moves (id,name,power,energy_return,tb_power,animation_duration,tb_energy_gain,tb_turns,category,effect,chance_of_effect,energy_cost,tb_energy_cost) values('199','Weather Ball','55','','55','1.6','','','Charged Attack','','','33','35');"
200,Weather Ball,15,55,,1.6,55,,,Charged Attack,,,33,35,"insert into go_moves (id,name,power,energy_return,tb_power,animation_duration,tb_energy_gain,tb_turns,category,effect,chance_of_effect,energy_cost,tb_energy_cost) values('200','Weather Ball','55','','55','1.6','','','Charged Attack','','','33','35');"
201,Weather Ball*,6,55,,1.6,55,,,Charged Attack,,,33,35,"insert into go_moves (id,name,power,energy_return,tb_power,animation_duration,tb_energy_gain,tb_turns,category,effect,chance_of_effect,energy_cost,tb_energy_cost) values('201','Weather Ball*','55','','55','1.6','','','Charged Attack','','','33','35');"
202,Weather Ball,11,55,,1.6,55,,,Charged Attack,,,33,35,"insert into go_moves (id,name,power,energy_return,tb_power,animation_duration,tb_energy_gain,tb_turns,category,effect,chance_of_effect,energy_cost,tb_energy_cost) values('202','Weather Ball','55','','55','1.6','','','Charged Attack','','','33','35');"
203,Frenzy Plant,12,100,,2.6,100,,,Charged Attack,,,50,45,"insert into go_moves (id,name,power,energy_return,tb_power,animation_duration,tb_energy_gain,tb_turns,category,effect,chance_of_effect,energy_cost,tb_energy_cost) values('203','Frenzy Plant','100','','100','2.6','','','Charged Attack','','','50','45');"
204,Blast Burn,10,110,,3.3,110,,,Charged Attack,,,50,50,"insert into go_moves (id,name,power,energy_return,tb_power,animation_duration,tb_energy_gain,tb_turns,category,effect,chance_of_effect,energy_cost,tb_energy_cost) values('204','Blast Burn','110','','110','3.3','','','Charged Attack','','','50','50');"
205,Hydro Cannon,11,90,,1.9,80,,,Charged Attack,,,50,40,"insert into go_moves (id,name,power,energy_return,tb_power,animation_duration,tb_energy_gain,tb_turns,category,effect,chance_of_effect,energy_cost,tb_energy_cost) values('205','Hydro Cannon','90','','80','1.9','','','Charged Attack','','','50','40');"
206,Last Resort,1,90,,2.9,90,,,Charged Attack,,,50,55,"insert into go_moves (id,name,power,energy_return,tb_power,animation_duration,tb_energy_gain,tb_turns,category,effect,chance_of_effect,energy_cost,tb_energy_cost) values('206','Last Resort','90','','90','2.9','','','Charged Attack','','','50','55');"
207,Meteor Mash,9,100,,2.6,100,,,Charged Attack,,,50,50,"insert into go_moves (id,name,power,energy_return,tb_power,animation_duration,tb_energy_gain,tb_turns,category,effect,chance_of_effect,energy_cost,tb_energy_cost) values('207','Meteor Mash','100','','100','2.6','','','Charged Attack','','','50','50');"
208,Skull Bash,1,130,,3.1,130,,,Charged Attack,boost by 1 stage Defense,100,100,75,"insert into go_moves (id,name,power,energy_return,tb_power,animation_duration,tb_energy_gain,tb_turns,category,effect,chance_of_effect,energy_cost,tb_energy_cost) values('208','Skull Bash','130','','130','3.1','','','Charged Attack','boost by 1 stage Defense','100','100','75');"
209,Acid Spray,4,20,,3,20,,,Charged Attack,drop by 2 stages Opponent Defense,100,50,45,"insert into go_moves (id,name,power,energy_return,tb_power,animation_duration,tb_energy_gain,tb_turns,category,effect,chance_of_effect,energy_cost,tb_energy_cost) values('209','Acid Spray','20','','20','3','','','Charged Attack','drop by 2 stages Opponent Defense','100','50','45');"
210,Earth Power,5,100,,3.6,90,,,Charged Attack,drop by 1 stage Opponent Defense,10,50,55,"insert into go_moves (id,name,power,energy_return,tb_power,animation_duration,tb_energy_gain,tb_turns,category,effect,chance_of_effect,energy_cost,tb_energy_cost) values('210','Earth Power','100','','90','3.6','','','Charged Attack','drop by 1 stage Opponent Defense','10','50','55');"
211,Crabhammer,11,85,,1.9,80,,,Charged Attack,boost by 2 stages Attack,13,50,50,"insert into go_moves (id,name,power,energy_return,tb_power,animation_duration,tb_energy_gain,tb_turns,category,effect,chance_of_effect,energy_cost,tb_energy_cost) values('211','Crabhammer','85','','80','1.9','','','Charged Attack','boost by 2 stages Attack','13','50','50');"
212,Lunge,7,55,,2.9,60,,,Charged Attack,drop by 1 stage Opponent Attack,100,33,45,"insert into go_moves (id,name,power,energy_return,tb_power,animation_duration,tb_energy_gain,tb_turns,category,effect,chance_of_effect,energy_cost,tb_energy_cost) values('212','Lunge','55','','60','2.9','','','Charged Attack','drop by 1 stage Opponent Attack','100','33','45');"
213,Crush Claw,1,,,1.9,,,,Charged Attack,,,,,"insert into go_moves (id,name,power,energy_return,tb_power,animation_duration,tb_energy_gain,tb_turns,category,effect,chance_of_effect,energy_cost,tb_energy_cost) values('213','Crush Claw','','','','1.9','','','Charged Attack','','','','');"
214,Octazooka,11,50,,2.3,,,,Charged Attack,drop by 2 stages Opponent Attack,50,50,50,"insert into go_moves (id,name,power,energy_return,tb_power,animation_duration,tb_energy_gain,tb_turns,category,effect,chance_of_effect,energy_cost,tb_energy_cost) values('214','Octazooka','50','','','2.3','','','Charged Attack','drop by 2 stages Opponent Attack','50','50','50');"
215,Mirror Shot,9,50,,2.4,,,,Charged Attack,drop by 1 stage Opponent Attack,30,33,35,"insert into go_moves (id,name,power,energy_return,tb_power,animation_duration,tb_energy_gain,tb_turns,category,effect,chance_of_effect,energy_cost,tb_energy_cost) values('215','Mirror Shot','50','','','2.4','','','Charged Attack','drop by 1 stage Opponent Attack','30','33','35');"
216,Superpower,2,85,,3,,,,Charged Attack,drop by 1 stage Attack,100,50,40,"insert into go_moves (id,name,power,energy_return,tb_power,animation_duration,tb_energy_gain,tb_turns,category,effect,chance_of_effect,energy_cost,tb_energy_cost) values('216','Superpower','85','','','3','','','Charged Attack','drop by 1 stage Attack','100','50','40');"
217,Fell Stinger,7,50,,2.2,,,,Charged Attack,boost by 1 stage Attack,100,33,35,"insert into go_moves (id,name,power,energy_return,tb_power,animation_duration,tb_energy_gain,tb_turns,category,effect,chance_of_effect,energy_cost,tb_energy_cost) values('217','Fell Stinger','50','','','2.2','','','Charged Attack','boost by 1 stage Attack','100','33','35');"
218,Leaf Tornado,12,45,,3.1,,,,Charged Attack,drop by 2 stages Opponent Attack,50,33,40,"insert into go_moves (id,name,power,energy_return,tb_power,animation_duration,tb_energy_gain,tb_turns,category,effect,chance_of_effect,energy_cost,tb_energy_cost) values('218','Leaf Tornado','45','','','3.1','','','Charged Attack','drop by 2 stages Opponent Attack','50','33','40');"
219,Leech Life,7,,,2.5,,,,Charged Attack,,,,,"insert into go_moves (id,name,power,energy_return,tb_power,animation_duration,tb_energy_gain,tb_turns,category,effect,chance_of_effect,energy_cost,tb_energy_cost) values('219','Leech Life','','','','2.5','','','Charged Attack','','','','');"
220,Drain Punch,2,50,,2.4,,,,Charged Attack,boost by 1 stage Defense,100,33,40,"insert into go_moves (id,name,power,energy_return,tb_power,animation_duration,tb_energy_gain,tb_turns,category,effect,chance_of_effect,energy_cost,tb_energy_cost) values('220','Drain Punch','50','','','2.4','','','Charged Attack','boost by 1 stage Defense','100','33','40');"
221,Shadow Bone,8,80,,2.8,,,,Charged Attack,drop by 1 stage Opponent Defense,20,50,45,"insert into go_moves (id,name,power,energy_return,tb_power,animation_duration,tb_energy_gain,tb_turns,category,effect,chance_of_effect,energy_cost,tb_energy_cost) values('221','Shadow Bone','80','','','2.8','','','Charged Attack','drop by 1 stage Opponent Defense','20','50','45');"
222,Muddy Water,11,50,,2.2,,,,Charged Attack,drop by 1 stage Opponent Attack,30,33,35,"insert into go_moves (id,name,power,energy_return,tb_power,animation_duration,tb_energy_gain,tb_turns,category,effect,chance_of_effect,energy_cost,tb_energy_cost) values('222','Muddy Water','50','','','2.2','','','Charged Attack','drop by 1 stage Opponent Attack','30','33','35');"
223,Blaze Kick,10,45,,1.2,,,,Charged Attack,,,33,40,"insert into go_moves (id,name,power,energy_return,tb_power,animation_duration,tb_energy_gain,tb_turns,category,effect,chance_of_effect,energy_cost,tb_energy_cost) values('223','Blaze Kick','45','','','1.2','','','Charged Attack','','','33','40');"
224,Razor Shell,11,45,,1.3,,,,Charged Attack,drop by 1 stage Opponent Defense,50,33,35,"insert into go_moves (id,name,power,energy_return,tb_power,animation_duration,tb_energy_gain,tb_turns,category,effect,chance_of_effect,energy_cost,tb_energy_cost) values('224','Razor Shell','45','','','1.3','','','Charged Attack','drop by 1 stage Opponent Defense','50','33','35');"
225,Power-Up Punch,2,50,,2,,,,Charged Attack,boost by 1 stage Attack,100,33,35,"insert into go_moves (id,name,power,energy_return,tb_power,animation_duration,tb_energy_gain,tb_turns,category,effect,chance_of_effect,energy_cost,tb_energy_cost) values('225','Power-Up Punch','50','','','2','','','Charged Attack','boost by 1 stage Attack','100','33','35');"
226,Giga Impact,1,200,,4.7,,,,Charged Attack,,,100,80,"insert into go_moves (id,name,power,energy_return,tb_power,animation_duration,tb_energy_gain,tb_turns,category,effect,chance_of_effect,energy_cost,tb_energy_cost) values('226','Giga Impact','200','','','4.7','','','Charged Attack','','','100','80');"
227,Frustration,1,10,,2,,,,Charged Attack,,,33,70,"insert into go_moves (id,name,power,energy_return,tb_power,animation_duration,tb_energy_gain,tb_turns,category,effect,chance_of_effect,energy_cost,tb_energy_cost) values('227','Frustration','10','','','2','','','Charged Attack','','','33','70');"
228,Return,1,35,,0.7,,,,Charged Attack,,,33,70,"insert into go_moves (id,name,power,energy_return,tb_power,animation_duration,tb_energy_gain,tb_turns,category,effect,chance_of_effect,energy_cost,tb_energy_cost) values('228','Return','35','','','0.7','','','Charged Attack','','','33','70');"
229,Synchronoise,14,80,,2.6,,,,Charged Attack,,,50,50,"insert into go_moves (id,name,power,energy_return,tb_power,animation_duration,tb_energy_gain,tb_turns,category,effect,chance_of_effect,energy_cost,tb_energy_cost) values('229','Synchronoise','80','','','2.6','','','Charged Attack','','','50','50');"
230,Horn Drill,1,,,1.9,,,,Charged Attack,,,,,"insert into go_moves (id,name,power,energy_return,tb_power,animation_duration,tb_energy_gain,tb_turns,category,effect,chance_of_effect,energy_cost,tb_energy_cost) values('230','Horn Drill','','','','1.9','','','Charged Attack','','','','');"
231,Fissure,5,,,2.8,,,,Charged Attack,,,,,"insert into go_moves (id,name,power,energy_return,tb_power,animation_duration,tb_energy_gain,tb_turns,category,effect,chance_of_effect,energy_cost,tb_energy_cost) values('231','Fissure','','','','2.8','','','Charged Attack','','','','');"
232,Sacred Sword,2,55,,1.2,,,,Charged Attack,,,33,35,"insert into go_moves (id,name,power,energy_return,tb_power,animation_duration,tb_energy_gain,tb_turns,category,effect,chance_of_effect,energy_cost,tb_energy_cost) values('232','Sacred Sword','55','','','1.2','','','Charged Attack','','','33','35');"
233,Flying Press,2,110,,2.3,,,,Charged Attack,,,50,40,"insert into go_moves (id,name,power,energy_return,tb_power,animation_duration,tb_energy_gain,tb_turns,category,effect,chance_of_effect,energy_cost,tb_energy_cost) values('233','Flying Press','110','','','2.3','','','Charged Attack','','','50','40');"
234,Aura Sphere,2,90,,1.8,,,,Charged Attack,,,50,55,"insert into go_moves (id,name,power,energy_return,tb_power,animation_duration,tb_energy_gain,tb_turns,category,effect,chance_of_effect,energy_cost,tb_energy_cost) values('234','Aura Sphere','90','','','1.8','','','Charged Attack','','','50','55');"
235,Payback,17,100,,2.2,,,,Charged Attack,,,100,60,"insert into go_moves (id,name,power,energy_return,tb_power,animation_duration,tb_energy_gain,tb_turns,category,effect,chance_of_effect,energy_cost,tb_energy_cost) values('235','Payback','100','','','2.2','','','Charged Attack','','','100','60');"
236,Rock Wrecker,6,110,,3.6,,,,Charged Attack,,,50,50,"insert into go_moves (id,name,power,energy_return,tb_power,animation_duration,tb_energy_gain,tb_turns,category,effect,chance_of_effect,energy_cost,tb_energy_cost) values('236','Rock Wrecker','110','','','3.6','','','Charged Attack','','','50','50');"
237,Aeroblast,3,180,,3.4,,,,Charged Attack,boost by 2 stages Attack,13,100,75,"insert into go_moves (id,name,power,energy_return,tb_power,animation_duration,tb_energy_gain,tb_turns,category,effect,chance_of_effect,energy_cost,tb_energy_cost) values('237','Aeroblast','180','','','3.4','','','Charged Attack','boost by 2 stages Attack','13','100','75');"
238,Techno Blast,1,120,,2,,,,Charged Attack,,,100,55,"insert into go_moves (id,name,power,energy_return,tb_power,animation_duration,tb_energy_gain,tb_turns,category,effect,chance_of_effect,energy_cost,tb_energy_cost) values('238','Techno Blast','120','','','2','','','Charged Attack','','','100','55');"
239,Techno Blast,10,120,,2,,,,Charged Attack,,,100,55,"insert into go_moves (id,name,power,energy_return,tb_power,animation_duration,tb_energy_gain,tb_turns,category,effect,chance_of_effect,energy_cost,tb_energy_cost) values('239','Techno Blast','120','','','2','','','Charged Attack','','','100','55');"
240,Techno Blast,15,120,,2,,,,Charged Attack,,,100,55,"insert into go_moves (id,name,power,energy_return,tb_power,animation_duration,tb_energy_gain,tb_turns,category,effect,chance_of_effect,energy_cost,tb_energy_cost) values('240','Techno Blast','120','','','2','','','Charged Attack','','','100','55');"
241,Techno Blast,11,120,,2,,,,Charged Attack,,,100,55,"insert into go_moves (id,name,power,energy_return,tb_power,animation_duration,tb_energy_gain,tb_turns,category,effect,chance_of_effect,energy_cost,tb_energy_cost) values('241','Techno Blast','120','','','2','','','Charged Attack','','','100','55');"
242,Techno Blast,13,120,,2,,,,Charged Attack,,,100,55,"insert into go_moves (id,name,power,energy_return,tb_power,animation_duration,tb_energy_gain,tb_turns,category,effect,chance_of_effect,energy_cost,tb_energy_cost) values('242','Techno Blast','120','','','2','','','Charged Attack','','','100','55');"
243,Fly,3,80,,1.8,,,,Charged Attack,,,50,45,"insert into go_moves (id,name,power,energy_return,tb_power,animation_duration,tb_energy_gain,tb_turns,category,effect,chance_of_effect,energy_cost,tb_energy_cost) values('243','Fly','80','','','1.8','','','Charged Attack','','','50','45');"
244,V-create,10,95,,2.8,,,,Charged Attack,drop by 3 stages Defense,100,33,40,"insert into go_moves (id,name,power,energy_return,tb_power,animation_duration,tb_energy_gain,tb_turns,category,effect,chance_of_effect,energy_cost,tb_energy_cost) values('244','V-create','95','','','2.8','','','Charged Attack','drop by 3 stages Defense','100','33','40');"
245,Leaf Storm,12,130,,2.5,,,,Charged Attack,drop by 2 stages Attack,100,100,55,"insert into go_moves (id,name,power,energy_return,tb_power,animation_duration,tb_energy_gain,tb_turns,category,effect,chance_of_effect,energy_cost,tb_energy_cost) values('245','Leaf Storm','130','','','2.5','','','Charged Attack','drop by 2 stages Attack','100','100','55');"
246,Tri Attack,1,75,,2.5,,,,Charged Attack,drop by 1 stage Opponent Attack,50,50,50,"insert into go_moves (id,name,power,energy_return,tb_power,animation_duration,tb_energy_gain,tb_turns,category,effect,chance_of_effect,energy_cost,tb_energy_cost) values('246','Tri Attack','75','','','2.5','','','Charged Attack','drop by 1 stage Opponent Attack','50','50','50');"
247,Feather Dance,3,35,,2.8,,,,Charged Attack,drop by 2 stages Opponent Attack,100,50,50,"insert into go_moves (id,name,power,energy_return,tb_power,animation_duration,tb_energy_gain,tb_turns,category,effect,chance_of_effect,energy_cost,tb_energy_cost) values('247','Feather Dance','35','','','2.8','','','Charged Attack','drop by 2 stages Opponent Attack','100','50','50');"
248,Weather Ball,1,55,,1.6,,,,Charged Attack,,,33,35,"insert into go_moves (id,name,power,energy_return,tb_power,animation_duration,tb_energy_gain,tb_turns,category,effect,chance_of_effect,energy_cost,tb_energy_cost) values('248','Weather Ball','55','','','1.6','','','Charged Attack','','','33','35');"
249,Sacred Fire,10,120,,2.6,,,,Charged Attack,drop by 1 stage Opponent Attack,50,100,65,"insert into go_moves (id,name,power,energy_return,tb_power,animation_duration,tb_energy_gain,tb_turns,category,effect,chance_of_effect,energy_cost,tb_energy_cost) values('249','Sacred Fire','120','','','2.6','','','Charged Attack','drop by 1 stage Opponent Attack','50','100','65');"
250,Icicle Spear,15,60,,2.2,,,,Charged Attack,,,33,40,"insert into go_moves (id,name,power,energy_return,tb_power,animation_duration,tb_energy_gain,tb_turns,category,effect,chance_of_effect,energy_cost,tb_energy_cost) values('250','Icicle Spear','60','','','2.2','','','Charged Attack','','','33','40');"
251,Aeroblast+,3,200,,3.4,,,,Charged Attack,boost by 2 stages Attack,13,100,75,"insert into go_moves (id,name,power,energy_return,tb_power,animation_duration,tb_energy_gain,tb_turns,category,effect,chance_of_effect,energy_cost,tb_energy_cost) values('251','Aeroblast+','200','','','3.4','','','Charged Attack','boost by 2 stages Attack','13','100','75');"
252,Aeroblast++,3,225,,3.4,,,,Charged Attack,boost by 2 stages Attack,13,100,75,"insert into go_moves (id,name,power,energy_return,tb_power,animation_duration,tb_energy_gain,tb_turns,category,effect,chance_of_effect,energy_cost,tb_energy_cost) values('252','Aeroblast++','225','','','3.4','','','Charged Attack','boost by 2 stages Attack','13','100','75');"
253,Sacred Fire+,10,135,,2.6,,,,Charged Attack,drop by 1 stage Opponent Attack,50,100,65,"insert into go_moves (id,name,power,energy_return,tb_power,animation_duration,tb_energy_gain,tb_turns,category,effect,chance_of_effect,energy_cost,tb_energy_cost) values('253','Sacred Fire+','135','','','2.6','','','Charged Attack','drop by 1 stage Opponent Attack','50','100','65');"
254,Sacred Fire++,10,155,,2.6,,,,Charged Attack,drop by 1 stage Opponent Attack,50,100,65,"insert into go_moves (id,name,power,energy_return,tb_power,animation_duration,tb_energy_gain,tb_turns,category,effect,chance_of_effect,energy_cost,tb_energy_cost) values('254','Sacred Fire++','155','','','2.6','','','Charged Attack','drop by 1 stage Opponent Attack','50','100','65');"
255,Acrobatics,3,100,,2.6,,,,Charged Attack,,,100,60,"insert into go_moves (id,name,power,energy_return,tb_power,animation_duration,tb_energy_gain,tb_turns,category,effect,chance_of_effect,energy_cost,tb_energy_cost) values('255','Acrobatics','100','','','2.6','','','Charged Attack','','','100','60');"
256,Luster Purge,14,100,,1.5,,,,Charged Attack,drop by 1 stage Opponent Defense,50,100,60,"insert into go_moves (id,name,power,energy_return,tb_power,animation_duration,tb_energy_gain,tb_turns,category,effect,chance_of_effect,energy_cost,tb_energy_cost) values('256','Luster Purge','100','','','1.5','','','Charged Attack','drop by 1 stage Opponent Defense','50','100','60');"
257,Mist Ball,14,105,,2,,,,Charged Attack,drop by 1 stage Opponent Attack,50,100,60,"insert into go_moves (id,name,power,energy_return,tb_power,animation_duration,tb_energy_gain,tb_turns,category,effect,chance_of_effect,energy_cost,tb_energy_cost) values('257','Mist Ball','105','','','2','','','Charged Attack','drop by 1 stage Opponent Attack','50','100','60');"
258,Brutal Swing,17,65,,1.9,,,,Charged Attack,,,33,40,"insert into go_moves (id,name,power,energy_return,tb_power,animation_duration,tb_energy_gain,tb_turns,category,effect,chance_of_effect,energy_cost,tb_energy_cost) values('258','Brutal Swing','65','','','1.9','','','Charged Attack','','','33','40');"
259,Seed Flare,12,120,,2.7,,,,Charged Attack,drop by 2 stages Opponent Defense,40,100,75,"insert into go_moves (id,name,power,energy_return,tb_power,animation_duration,tb_energy_gain,tb_turns,category,effect,chance_of_effect,energy_cost,tb_energy_cost) values('259','Seed Flare','120','','','2.7','','','Charged Attack','drop by 2 stages Opponent Defense','40','100','75');"
260,Obstruct,17,20,,1.7,,,,Charged Attack,boost by 1 stage Defense,100,33,40,"insert into go_moves (id,name,power,energy_return,tb_power,animation_duration,tb_energy_gain,tb_turns,category,effect,chance_of_effect,energy_cost,tb_energy_cost) values('260','Obstruct','20','','','1.7','','','Charged Attack','boost by 1 stage Defense','100','33','40');"
261,Shadow Force,8,140,,1.9,,,,Charged Attack,,,100,90,"insert into go_moves (id,name,power,energy_return,tb_power,animation_duration,tb_energy_gain,tb_turns,category,effect,chance_of_effect,energy_cost,tb_energy_cost) values('261','Shadow Force','140','','','1.9','','','Charged Attack','','','100','90');"
262,Meteor Beam,6,140,,1.9,,,,Charged Attack,boost by 1 stage Attack,100,100,60,"insert into go_moves (id,name,power,energy_return,tb_power,animation_duration,tb_energy_gain,tb_turns,category,effect,chance_of_effect,energy_cost,tb_energy_cost) values('262','Meteor Beam','140','','','1.9','','','Charged Attack','boost by 1 stage Attack','100','100','60');"
263,Poltergeist,8,140,,3.6,,,,Charged Attack,,,100,75,"insert into go_moves (id,name,power,energy_return,tb_power,animation_duration,tb_energy_gain,tb_turns,category,effect,chance_of_effect,energy_cost,tb_energy_cost) values('263','Poltergeist','140','','','3.6','','','Charged Attack','','','100','75');"
264,High Horsepower,5,110,,1.6,,,,Charged Attack,,,100,60,"insert into go_moves (id,name,power,energy_return,tb_power,animation_duration,tb_energy_gain,tb_turns,category,effect,chance_of_effect,energy_cost,tb_energy_cost) values('264','High Horsepower','110','','','1.6','','','Charged Attack','','','100','60');"
265,Liquidation,11,70,,3,,,,Charged Attack,drop by 1 stage Opponent Defense,300,33,45,"insert into go_moves (id,name,power,energy_return,tb_power,animation_duration,tb_energy_gain,tb_turns,category,effect,chance_of_effect,energy_cost,tb_energy_cost) values('265','Liquidation','70','','','3','','','Charged Attack','drop by 1 stage Opponent Defense','300','33','45');"
